[
    {
        "name": "Argentina 🇦🇷",
        "documentsAdults": "For over 18 years old, it is necessary to present the DNI. For persons over 75 years of age, it may be presented the Libreta Cívica or the Libreta de Enrolamiento.",
        "documentsMinors": "For under 18 years old, it is necessary to present the DNI and birth certificate (original or authenticated copy). Note: certificates or testimonials are only accepted for the provinces that only issue this documentation.",
        "procedure": "Present yourself at the chosen office with the electronic prepaid code and your document. Keep the voucher given at the office until your passport arrives at your residence.",
        "location1": "The main locations are in the cities of Buenos Aires, La Plata, Rosario or Cordoba capital. To schedule an  appointment, visit http://turnos.mininterior.gov.ar/turnosWeb/",
        "location2": "For other locations in Argentina, look for the office closest to you at http://www.mininterior.gov.ar/NuevoPasaporte/donde-tramito/donde-tramito.php",
        "cost": "Common passport cost: ARS $1,500.00",
        "vality": "The common passport has a validity of 10 years",
        "others": "Express: As it is a special procedure, the service is prepaid and has a differential cost. They deliver it to you in your home within 48 hours of the procedure (or up to 96 hours, depending on the locality). For more information, visit  https://www.argentina.gob.ar/tramitar-pasaporte-expres.  Instant: If you are travelling and do not have your passport updated, you can process it instantly (at an additional cost) at the airports of Ezeiza, Aeroparque, Mendoza, Córdoba, Rosario or neighbourhood of Palermo (Buenos Aires). For more information, visit https://www.argentina.gob.ar/tramitar-el-pasaporte-al-instante",
        "visa": "No visa is required to enter your destination.",
        "vaccines": "There are no vaccine requirements. However, the yellow fever and the triple viral vaccine are recommended for your destination."
    },
    {
        "name": "Brazil 🇧🇷",
        "documentsAdults": "You must present the ID (issued by the Segurança Pública or your Instituto de Identificação), the CPF, the previous passport (valid or not), the receipt of GRU payment and voter registration and proof of voting / justification / payment of a fine of the last election (of the two shifts, if there were).   For more information, access http://www.pf.gov.br/servicos-pf/passaporte/documentacao-necessaria/documentacao-para-passaporte-comum/home ",
        "documentsMinors": "Children under 12 years old may only present original birth certificate and documents of the legal guardian.",
        "procedure": "1) Make sure that your electoral situation is regular and that there are no pending or typing errors in your data recorded in the TSE database. If a man is of legal age, make sure you are even with the Military Service and without any problems. 2) Complete the online form at https://servicos.dpf.gov.br/sinpa/inicializacaoSolicitacao.do?dispatch=inicializarSolicitacaoPassaporte  3) Make sure that the GRU payment has been made and not just the payment without receipt.  4) After confirming the payment (which can vary from 1 to 3 business days), schedule your attendance, choosing one office to attend to at the end of the form. Schedule the service in https://servicos.dpf.gov.br/sinpa/paginaInicialAgendamento.do  5) Attend the office and present the necessary documents and receipt.   For more information, access http://www.pf.gov.br/servicos-pf/passaporte/requerer-passaporte ",
        "location1": "On the Federal Police website you can do the procedure: http://www.pf.gov.br/servicos-pf/passaporte/requerer-passaporte . There will be presented the possible service stations",
        "location2": "On the Federal Police website you can do the procedure: http://www.pf.gov.br/servicos-pf/passaporte/requerer-passaporte . There will be presented the possible service stations",
        "cost": "Common passport cost: BRL $257.25",
        "vality": "The common passport has a validity of 10 years",
        "others": "For more information, access http://www.pf.gov.br/servicos-pf/passaporte/requerer-passaporte",
        "visa": "No visa is required to enter your destination.",
        "vaccines": "There are no vaccine requirements. However, the yellow fever and the triple viral vaccine are recommended for your destination."
    },
    {
        "name": "Chile 🇨🇱",
        "documentsAdults": "For over 18 years old, it is necessary to present the current Cédula de Identidad",
        "documentsMinors": "For under 18 years old, it is necessary to present the current Cédula de Identidad and notarized authorization of the parents (or legal representative), who must appear with his/her Cédula de Identidad and approve the child's passport through biometric reading.   For more information, access https://chile.gob.cl/toronto/tramites/para-extranjeros/autorizacion-a-menores-para-viajar",
        "procedure": "Gather the necessary documents and go to the nearest Civil Registry and Identification Service (SRCeI) Explain the reason for your visit: obtain or renew your passport. Provide the necessary documents and pay the value of the document. The new passport may be withdrawn within a maximum of six working days.",
        "location1": "See the offices at https://www.registrocivil.cl/principal/paginas-frecuentes/nuestras-oficinas",
        "location2": "See the offices at https://www.registrocivil.cl/principal/paginas-frecuentes/nuestras-oficinas",
        "cost": "32 page passport: CLP $89,660.00   64 page passport: CLP $89,740.00",
        "vality": "The common passport has a validity of 5 years",
        "others": "NULL",
        "visa": "No visa is required to enter your destination.",
        "vaccines": "There are no vaccine requirements. However, the yellow fever and the triple viral vaccine are recommended for your destination."
    },
    {
        "name": "Colombia 🇨🇴",
        "documentsAdults": "You must present the current and original Cédula de Ciudadanía, accompanied by the Registro Civil de Nacimiento.",
        "documentsMinors": "Underage must be accompanied by a parent or legal representative and bring the Registro Civil. For over 7 years: Registro Civil and Tarjeta de Identidad.",
        "procedure": "Gather the required documents and go to the nearest office at the scheduled time (See the Location card). Explain the reason for your visit: obtain or renew your passport. Deliver the required documents and pay the document amount. Keep the certificate issued at the office.",
        "location1": "In Bogotá: schedules and services in https://www.cancilleria.gov.co/tramites_servicios/pasaportes/lugares_expedicion?qt-view__tramites_servicios__page_5=0#qt-view__tramites_servicios__page_5",
        "location2": "Other locations in Colombia: see the nearest office at https://www.cancilleria.gov.co/tramites_servicios/pasaportes/lugares_expedicion?qt-view__tramites_servicios__page_5=1#qt-view__tramites_servicios__page_5",
        "cost": "Ordinary: COP $166,000.00 + departmental fees   Executive: COP $256,000.00 + departmental fees",
        "vality": "The common passport has validity of 10 years.",
        "others": "There are three more types of procedures: Emergency, Border and Exempt.",
        "visa": "No visa is required to enter your destination.",
        "vaccines": "There are no vaccine requirements. However, the yellow fever and the triple viral vaccine are recommended for your destination."
    },
    {
        "name": "Peru 🇵🇪",
        "documentsAdults": "For those over 18 years old, it is necessary to present the DNI in good condition.",
        "documentsMinors": "For those under 18 years old, it is necessary to present the DNI of the minor in good condition and the minor must be accompanied by at least one parent (or legal guardian) with their respective identity document (identification document in case of Peruvian and immigration card, passport or other documents in the case of being foreigners). The information in the document of legal guardian must correspond to the information on the document of the minor.",
        "procedure": "You must pay for the procedure. Access the online scheduling system to schedule your appointment and fill out the information. Access the system at https://sel.migraciones.gob.pe/web-citas-pasaporte/Citas-en-Linea-Informativo  On the scheduled day, go to the chosen Migrations headquarters with the necessary documents and the payment receipt. It will be necessary to take a photo for the passport. To do this, do not cover your eyes and head and do not wear piercings on your face.  The delivery of the passport is made on the same day of the consultation, after the fulfilment of all the requirements. If for any reason, you can't remove your passport, you will have 60 days to withdraw at the headquarters where you conducted the process.",
        "location1": "It can be carried out at the offices of the National Superintendence of Migrations and in MAC Centers (Mejor Atencion al Ciudadano).",
        "location2": "It can be carried out at the offices of the National Superintendence of Migrations and in MAC Centers (Mejor Atencion al Ciudadano).",
        "cost": "Common passport cost: PER $98.50",
        "vality": "The common passport has a validity of 5 years",
        "others": "NULL",
        "visa": "No visa is required to enter your destination.",
        "vaccines": "There are no vaccine requirements. However, the yellow fever and the triple viral vaccine are recommended for your destination."
    },
    {
        "name": "Uruguay 🇺🇾",
        "documentsAdults": "For adults, it is necessary to present the current Cédula de Identidad.",
        "documentsMinors": "For minors, it is necessary to present the current Cédula de Identidad or Partida Nacimiento certificate (with less than 30 days of dispatch). It is also necessary for parents notary authorization (or legal representative), who must present their Cédula de Identidad.",
        "procedure": "You must present yourself at the Civil Identification Offices or in the collection networks (ABITAB, URUGUAYO CORREO, REDPAGOS). The procedure is paid in cash or debit in national currency. Be there at the time of the appointment (previously scheduled) with all the necessary documentation. If minors, he/she must be accompanied by both parents. The passport is withdrawn on the same day. ",
        "location1": "In Montevideo: Bartolomé Mitre 1434 esquina 25 de mayo",
        "location2": "To other locations in Montevideo, access https://dnic.minterior.gub.uy/index.php/nuestras-oficinas",
        "cost": "Fist time: UYU $3,207.00 + Judicial Certificate UYU $107.00",
        "vality": "The common passport has validity of 10 years",
        "others": "There is one more type of procedure:  En Línea: Log in with the Uruguayan user account at this link (https://tramites.gub.uy/ampliados?id=4991) and click on 'Start Online Step'. Fill the form and pay the fee. After presenting yourself on the day and place scheduled with the documentation, the passport is withdrawn on the same day. Note: Procedures may vary according to regions outside the capital",
        "visa": "No visa is required to enter your destination.",
        "vaccines": "There are no vaccine requirements. However, the yellow fever and the triple viral vaccine are recommended for your destination."
    }
]
 
