[
    {
        "name": "Argentina 🇦🇷",
        "documentsAdults": "Para maiores de 18 anos de idade, é necessário apresentar a DNI. Para pessoas acima de 75 anos de idade, poderá ser apresentada a Libreta Cívica ou a Libreta de Enrolamiento.",
        "documentsMinors": "Para menores de 18 anos de idade é necessário apresentar a DNI e certidão de nascimento (original ou cópia autenticada). Observação: certificados ou testemunhos são aceitos apenas para as províncias que apenas emitem esta documentação.",
        "procedure": "Apresente-se no escritório escolhido com o código eletrônico pré-pago e seu documento. Guarde o voucher dado no escritório até que seu passaporte chegue em sua casa.",
        "location1": "As principais localizações estão nas cidades de Buenos Aires, La Plata, Rosário ou Córdoba capital. Para marcar um horário, acesse http://turnos.mininterior.gov.ar/turnosWeb/",
        "location2": "Para outros locais na Argentina, procure o escritório mais próximo de você em http://www.mininterior.gov.ar/NuevoPasaporte/donde-tramito/donde-tramito.php",
        "cost": "Custo de passaporte comum: ARS $1,500.00",
        "vality": "O passaporte comum tem validade de 10 anos",
        "others": "Passaporte Expresso: Como é um procedimento especial, o serviço é pré-pago e tem um custo diferencial. Eles entregam para você em sua casa dentro de 48 horas do procedimento (ou até 96 horas, dependendo da localidade). Para mais informações, acesse https://www.argentina.gob.ar/tramitar-pasaporte-expres.  Passaporte Instantâneo: Se você estiver viajando e não tiver seu passaporte atualizado, poderá processá-lo instantaneamente (com um custo adicional) nos aeroportos de Ezeiza, Aeroparque, Mendoza, Córdoba, Rosário ou bairro de Palermo (Buenos Aires). Para mais informações, acesse https://www.argentina.gob.ar/tramitar-el-pasaporte-al-instante",
        "visa": "Não é necessário visto para o entrar no seu país de destino.",
        "vaccines": "Não há requisitos de vacinas. No entanto, a vacina contra febre amarela e a tríplice viral são recomendadas para seu país de destino."
    },
    {
        "name": "Brasil 🇧🇷",
        "documentsAdults": "Deve-se apresentar a cédula de identidade (expedida por por Secretaria de Segurança Pública ou seu Instituto de Identificação), o CPF, o passaporte anterior (válido ou não), o comprovante de pagamento do GRU e título de eleitor e comprovantes de votação/justificativa/pagamento de multa da última eleição (dos dois turnos, se houve).   Para mais informações, acesse http://www.pf.gov.br/servicos-pf/passaporte/documentacao-necessaria/documentacao-para-passaporte-comum/home ",
        "documentsMinors": "Crianças menores de 12 anos de idade podem apresentar apenas certidão de nascimento original e documentos do responsável legal.",
        "procedure": "1) Certifique-se de que sua situação eleitoral é regular e que não há pendências ou erros de digitação em seus dados registrados no banco de dados do TSE. Se homem maior de idade, certifique-se de que está quite com o Serviço Militar e sem pendências. 2) Preencher o formulário online em https://servicos.dpf.gov.br/sinpa/inicializacaoSolicitacao.do?dispatch=inicializarSolicitacaoPassaporte  3) Certifique-se de que o pagamento do GRU tenha sido feito e não apenas o pagamento sem comprovante.  4) Após a compensação do pagamento (que pode variar de 1 a 3 dias úteis), agende seu atendimento presencial, escolhendo um dos postos de emissão que serão apresentados ao final do agendamento. Agenge o atendimento em https://servicos.dpf.gov.br/sinpa/paginaInicialAgendamento.do  5) Comparecer no posto de atendimento e apresentar os documentos e comprovantes necessários.   Para mais informações, acesse http://www.pf.gov.br/servicos-pf/passaporte/requerer-passaporte ",
        "location1": "No site da Policia Federal você pode fazer o procedimento neste link: http://www.pf.gov.br/servicos-pf/passaporte/requerer-passaporte . Lá serão apresentados os possíveis postos de atendimento",
        "location2": "No site da Policia Federal você pode fazer o procedimento neste link: http://www.pf.gov.br/servicos-pf/passaporte/requerer-passaporte . Lá serão apresentados os possíveis postos de atendimento",
        "cost": "Custo de passaporte comum: BRL $257.25",
        "vality": "O passaporte comum tem validade de 10 anos",
        "others": "Para mais informações, acesse http://www.pf.gov.br/servicos-pf/passaporte/requerer-passaporte",
        "visa": "Não é necessário visto para o entrar no seu país de destino.",
        "vaccines": "Não há requisitos de vacinas. No entanto, a vacina contra febre amarela e a tríplice viral são recomendadas para seu país de destino."
    },
    {
        "name": "Chile 🇨🇱",
        "documentsAdults": "Para maiores de 18 anos de idade, é necessário apresentar a Cédula de Identidad atual",
        "documentsMinors": "Para menores de 18 anos de idade, é necessário apresentar a Cédula de Identidad atual e autorização notarial dos pais (ou representante legal), que deve comparecer com sua cédula de identidade e aprovar o passaporte da criança através de leitura biométrica.   Para mais informações, acesse https://chile.gob.cl/toronto/tramites/para-extranjeros/autorizacion-a-menores-para-viajar",
        "procedure": "Reúna os documentos necessários e vá até o Serviço de Registro e Identificação Civil (SRCeI) mais próximo. Explique o motivo da sua visita: obtenha ou renove o seu passaporte. Entregue os documentos necessários e pague o valor do documento. O novo passaporte pode ser retirado no prazo máximo de seis dias úteis.",
        "location1": "Veja os locais em https://www.registrocivil.cl/principal/paginas-frecuentes/nuestras-oficinas",
        "location2": "Veja os locais em https://www.registrocivil.cl/principal/paginas-frecuentes/nuestras-oficinas",
        "cost": "Passaporte de 32 páginas: CLP $89,660.00   Passaporte de 64 páginas: CLP $89,740.00",
        "vality": "O passaporte comum tem validade de 5 anos",
        "others": "NULL",
        "visa": "Não é necessário visto para o entrar no seu país de destino.",
        "vaccines": "Não há requisitos de vacinas. No entanto, a vacina contra febre amarela e a tríplice viral são recomendadas para seu país de destino."
    },
    {
        "name": "Colômbia 🇨🇴",
        "documentsAdults": "Deve-se apresentar a Cédula de Ciudadanía atual e original, acompanhada do Registro Civil de Nacimiento.",
        "documentsMinors": "Deve-se estar acompanhado de um dos pais ou um representante legal e levar o Registro Civil. Para maiores de 7 anos: Registro Civil e Tarjeta de Identidad.",
        "procedure": "Reúna os documentos necessários e vá até o escritório mais próximo no horário agendado (Ver na aba Localização). Explique o motivo da sua visita: obtenha ou renove o seu passaporte. Entregue os documentos necessários e pague o valor do documento. Mantenha o certificado emitido na Registraduría.",
        "location1": "Em Bogotá: horários e serviços em https://www.cancilleria.gov.co/tramites_servicios/pasaportes/lugares_expedicion?qt-view__tramites_servicios__page_5=0#qt-view__tramites_servicios__page_5",
        "location2": "Outras localidades na Colômbia: veja no posto mais proximo em https://www.cancilleria.gov.co/tramites_servicios/pasaportes/lugares_expedicion?qt-view__tramites_servicios__page_5=1#qt-view__tramites_servicios__page_5",
        "cost": "Ordinário: COP $166,000.00 + taxas departamentais   Executivo: COP $256,000.00 + taxas departamentais",
        "vality": "O passaporte comum tem validade de 10 anos",
        "others": "Existem mais três tipos de procedimentos: Emergência, Fronteira e Isento.",
        "visa": "Não é necessário visto para o entrar no seu país de destino.",
        "vaccines": "Não há requisitos de vacinas. No entanto, a vacina contra febre amarela e a tríplice viral são recomendadas para seu país de destino."
    },
    {
        "name": "Peru 🇵🇪",
        "documentsAdults": "Para maiores de 18 anos de idade, é necessário apresentar a DNI em boas condições.",
        "documentsMinors": "Para menores de 18 anos de idade, é necessário apresentar a DNI do menor em bom estado e estar acompanhado de pelo menos um dos pais (ou responsável legal) com seu respectivo documento de identidade (documento de identificação no caso de peruano e cartão de imigração, passaporte ou outro documento no caso de estrangeiros). Os dados do documento do responsável devem corresponder aos dados do documento do menor.",
        "procedure": "É necessário pagar pelo procedimento. Acesse o sistema de agendamento online para agendar seu compromisso e preencher as informações. Acesse o sistema em https://sel.migraciones.gob.pe/web-citas-pasaporte/Citas-en-Linea-Informativo  No dia agendado, vá para a sede das Migrações escolhida com os documentos necessários e o recibo de pagamento. Será necessário tirar uma foto para o passaporte. Para isso, não cubra os olhos e a cabeça e não use piercings no seu rosto.  A entrega do passaporte é feita no mesmo dia da consulta após o cumprimento de todos os requisitos. Se por algum motivo você não puder retirar seu passaporte, terá 60 dias para retirar na sede onde realizou o processo.",
        "location1": "Pode ser realizado nos escritórios da Superintendência Nacional de Migrações e dos Centros MAC (Mejor Atencion al Ciudadano).",
        "location2": "Pode ser realizado nos escritórios da Superintendência Nacional de Migrações e dos Centros MAC (Mejor Atencion al Ciudadano).",
        "cost": "Custo de passaporte comum: PER $98.50",
        "vality": "O passaporte comum tem validade de 5 anos",
        "others": "NULL",
        "visa": "Não é necessário visto para o entrar no seu país de destino.",
        "vaccines": "Não há requisitos de vacinas. No entanto, a vacina contra febre amarela e a tríplice viral são recomendadas para seu país de destino."
    },
    {
        "name": "Uruguai 🇺🇾",
        "documentsAdults": "Para maiores de idade, é necessário apresentar a Cédula de Identidad atual",
        "documentsMinors": "Para menores de idade, é necessário apresentar a Cédula de Identidad atual ou testemunho de Partida Nacimiento (com menos de 30 dias de expedição). Também é necessário autorização notarial dos pais (ou representante legal), que devem apresentar sua Cédula de Identidad.",
        "procedure": "Deve-se apresentar nos Escritórios de Identificação Civil ou nas redes de coleta (ABITAB, CORREO URUGUAYO, REDPAGOS). O procedimento é pago em dinheiro ou débito em moeda nacional. Apresente-se pessoalmente na data e na hora da consulta (previamente marcada) com toda a documentação necessária. No caso de menores de 18 anos, o menor deve estar acompanhado de ambos os pais. O passaporte é retirado no mesmo dia.",
        "location1": "Em Montevidéu: Bartolomé Mitre 1434 esquina 25 de mayo",
        "location2": "Para outros locais em Montevidéu, acesse https://dnic.minterior.gub.uy/index.php/nuestras-oficinas",
        "cost": "Primeira vez: UYU $3,207.00 + Certificado Judicial UYU $107.00",
        "vality": "O passaporte comum tem validade de 10 anos",
        "others": "Há mais um tipo de procedimento  En Línea: Faça o login com a conta do usuário do Uruguai neste link (https://tramites.gub.uy/ampliados?id=4991) e click em 'Iniciar Trámite en Línea'. Preencha o formulário e efetue o pagamento. Após apresentar-se no dia e local marcado com a documentação, o passaporte é retirado no mesmo dia da consulta. Observação: os procedimentos podem variar de acordo com regiões fora da capital",
        "visa": "Não é necessário visto para o entrar no seu país de destino.",
        "vaccines": "Não há requisitos de vacinas. No entanto, a vacina contra febre amarela e a tríplice viral são recomendadas para seu país de destino."
    }
]


