[
    {
        "name": "Argentina 🇦🇷",
        "documentsAdults": "Para mayores de 18 años, es necesario presentar el DNI. Para mayores de 75 años, se puede presentar la Libreta Cívica o la Libreta de Enrolamiento.",
        "documentsMinors": "Para los menores de 18 años, es necesario presentar el DNI y el certificado de nacimiento (copia original o autenticada). Nota: solo se aceptan certificados o testimonios para las provincias que solo emiten esta documentación",
        "procedure": "Preséntese en la oficina elegida con el código de prepago electrónico y su documento. Conserve el cupón que se entrega en la oficina hasta que su pasaporte llegue a su residencia.",
        "location1": "Las principales localizaciones se encuentran en las ciudades de Buenos Aires, La Plata, Rosario o Córdoba capital. Para programar una cita, visita http://turnos.mininterior.gov.ar/turnosWeb/",
        "location2": "Para otras localizaciones en Argentina, busque la oficina más cercana a usted en http://www.mininterior.gov.ar/NuevoPasaporte/donde-tramito/donde-tramito.php",
        "cost": "Costo de pasaporte común: ARS $1,500.00",
        "vality": "El pasaporte común tiene una validez de 10 años.",
        "others": "Expreso: como se trata de un procedimiento especial, el servicio es prepago y tiene un costo diferencial. Se lo entregan en su casa dentro de las 48 horas posteriores al procedimiento (o hasta 96 horas, según la localidad). Para más información, visite https://www.argentina.gob.ar/tramitar-pasaporte-expres.  Instantáneo: si está de viaje y no tiene su pasaporte actualizado, puede procesarlo instantáneamente (a un costo adicional) en los aeropuertos de Ezeiza, Aeroparque, Mendoza, Córdoba, Rosario o vecindario de Palermo (Buenos Aires). Para más información visite https://www.argentina.gob.ar/tramitar-el-pasaporte-al-instante",
        "visa": "No se requiere visa para ingresar a su destino.",
        "vaccines": "No hay requisitos de vacunas. Sin embargo, la vacuna fiebre amarilla y la vacuna triple viral vacuna se recomiendan para su destino."
    },
    {
        "name": "Brasil 🇧🇷",
        "documentsAdults": "Debe presentar la identificación (emitida por la Segurança Pública o su Instituto de Identificación), el CPF, el pasaporte anterior (válido o no), el recibo del pago de GRU y el registro de votantes y el comprobante de voto / justificación / pago de una multa de la última elección (de los dos turnos, si hubiera).   Para más información, visite http://www.pf.gov.br/servicos-pf/passaporte/documentacao-necessaria/documentacao-para-passaporte-comum/home ",
        "documentsMinors": "Los niños menores de 12 años pueden presentar solo el certificado de nacimiento original y los documentos del tutor legal.",
        "procedure": "1) Asegúrese de que su situación electoral sea regular y de que no haya errores pendientes o tipográficos en sus datos registrados en la base de datos de TSE. Si un hombre es mayor de edad, asegúrese de estar al día con el Servicio Militar y sin ningún problema.. 2) Complete el formulario online en https://servicos.dpf.gov.br/sinpa/inicializacaoSolicitacao.do?dispatch=inicializarSolicitacaoPassaporte  3) Asegúrese de que se haya realizado el pago GRU y no solo el pago sin recibo.  4) Después de confirmar el pago (que puede variar de 1 a 3 días hábiles), programe su asistencia, seleccionando una oficina al final del formulario. Programar el servicio en https://servicos.dpf.gov.br/sinpa/paginaInicialAgendamento.do  5) Asistir a la oficina y presentar los documentos necesarios y el recibo.   Para más información, visite http://www.pf.gov.br/servicos-pf/passaporte/requerer-passaporte ",
        "location1": "En el sitio web de la Policía Federal puede realizar el trámite: http://www.pf.gov.br/servicos-pf/passaporte/requerer-passaporte . Se presentarán las posibles estaciones de servicio.",
        "location2": "En el sitio web de la Policía Federal puede realizar el trámite: http://www.pf.gov.br/servicos-pf/passaporte/requerer-passaporte . Se presentarán las posibles estaciones de servicio.",
        "cost": "Coste del pasaporte común: BRL $257.25",
        "vality": "El pasaporte común tiene una validez de 10 años.",
        "others": "Para más información, visite http://www.pf.gov.br/servicos-pf/passaporte/requerer-passaporte",
        "visa": "No se requiere visa para ingresar a su destino.",
        "vaccines": "No hay requisitos de vacunas. Sin embargo, la vacuna fiebre amarilla y la vacuna triple viral vacuna se recomiendan para su destino."
    },
    {
        "name": "Chile 🇨🇱",
        "documentsAdults": "Para mayores de 18 años, es necesario presentar la Cédula de Identidad actual.",
        "documentsMinors": "Para menores de 18 años, es necesario presentar la Cédula de Identidad actual y la autorización notariada de los padres (o representante legal), quienes deben comparecer con su Cédula de Identidad y aprobar el pasaporte del niño a través de la lectura biométrica..   Para más información, visite https://chile.gob.cl/toronto/tramites/para-extranjeros/autorizacion-a-menores-para-viajar",
        "procedure": "Reúna los documentos necesarios y diríjase al Servicio de Registro Civil e Identificación más cercano (SRCeI) Explique el motivo de su visita: obtenga o renueve su pasaporte. Proporcione los documentos necesarios y pague el valor del documento. El nuevo pasaporte puede ser retirado dentro de un máximo de seis días hábiles.",
        "location1": "Ver las oficinas en https://www.registrocivil.cl/principal/paginas-frecuentes/nuestras-oficinas",
        "location2": "Ver las oficinas en https://www.registrocivil.cl/principal/paginas-frecuentes/nuestras-oficinas",
        "cost": "Pasaporte de 32 páginas: CLP $89,660.00   Pasaporte de 64 páginas: CLP $89,740.00",
        "vality": "El pasaporte común tiene una validez de 5 años.",
        "others": "NULL",
        "visa": "No se requiere visa para ingresar a su destino.",
        "vaccines": "No hay requisitos de vacunas. Sin embargo, la vacuna fiebre amarilla y la vacuna triple viral vacuna se recomiendan para su destino."
    },
    {
        "name": "Colombia 🇨🇴",
        "documentsAdults": "Debe presentar la Cédula de Ciudadanía actual y original, acompañada por el Registro Civil de Nacimiento.",
        "documentsMinors": "Los menores de edad deben estar acompañados por un padre o representante legal y traer el Registro Civil. Desde hace más de 7 años: Registro Civil y Tarjeta de Identidad.",
        "procedure": "Reúna los documentos requeridos y diríjase a la oficina más cercana a la hora programada (consulte la tarjeta de Localizaciones). Explique el motivo de su visita: obtenga o renueve su pasaporte. Entregar los documentos requeridos y pagar el importe del documento. Guarde el certificado emitido en la oficina.",
        "location1": "En Bogotá: horarios y servicios en https://www.cancilleria.gov.co/tramites_servicios/pasaportes/lugares_expedicion?qt-view__tramites_servicios__page_5=0#qt-view__tramites_servicios__page_5",
        "location2": "Otras localizaciones en Colombia: vea la oficina más cercana en https://www.cancilleria.gov.co/tramites_servicios/pasaportes/lugares_expedicion?qt-view__tramites_servicios__page_5=1#qt-view__tramites_servicios__page_5",
        "cost": "Ordinario: COP $166,000.00 + impuestos departamentales   Ejecutivo: COP $256,000.00 + impuestos departamentales",
        "vality": "El pasaporte común tiene validez de 10 años.",
        "others": "Hay tres tipos más de procedimientos: Emergencia, Frontera y Exento.",
        "visa": "No se requiere visa para ingresar a su destino.",
        "vaccines": "No hay requisitos de vacunas. Sin embargo, la vacuna fiebre amarilla y la vacuna triple viral vacuna se recomiendan para su destino."
    },
    {
        "name": "Perú 🇵🇪",
        "documentsAdults": "Para los mayores de 18 años, es necesario presentar el DNI en buen estado." ,
        "documentsMinors": "Para los menores de 18 años, es necesario presentar el DNI del menor en buen estado y el menor debe ir acompañado de al menos un padre (o tutor legal) con su documento de identidad respectivo (documento de identificación en el caso de peruanos y tarjeta de inmigrantes, pasaporte u otros documentos en caso de ser extranjeros). La información en el documento del tutor legal debe corresponder a la información en el documento del menor.",
        "procedure": "Usted debe pagar por el procedimiento. Acceda al sistema de programación online para programar su cita y complete el formulario. Accede al sistema en https://sel.migraciones.gob.pe/web-citas-pasaporte/Citas-en-Linea-Informativo  En el día programado, vaya a la sede de Migraciones elegida con los documentos necesarios y el recibo de pago. Será necesario tomar una foto para el pasaporte. Para hacer esto, no cubra sus ojos y cabeza y no use perforaciones en su cara.  La entrega del pasaporte se realiza el mismo día de la consulta, una vez cumplidos todos los requisitos. Si por alguna razón no puede retirar su pasaporte, tendrá 60 días para retirarse en la sede donde realizó el proceso.",
        "location1": "Se puede realizar en las oficinas de la Superintendencia Nacional de Migraciones y en los Centros MAC (Mejor Atención al Ciudadano).",
        "location2": "Se puede realizar en las oficinas de la Superintendencia Nacional de Migraciones y en los Centros MAC (Mejor Atención al Ciudadano).",
        "cost": "Coste del pasaporte común: PER $98.50",
        "vality": "El pasaporte común tiene una validez de 5 años.",
        "others": "NULL",
        "visa": "No se requiere visa para ingresar a su destino.",
        "vaccines": "No hay requisitos de vacunas. Sin embargo, la vacuna fiebre amarilla y la vacuna triple viral vacuna se recomiendan para su destino."
    },
    {
        "name": "Uruguay 🇺🇾",
        "documentsAdults": "Para los adultos, es necesario presentar la actual Cédula de Identidad.",
        "documentsMinors": "Para menores de edad, es necesario presentar la Cédula de Identidad vigente o Partida Nacimiento (con menos de 30 días de envío). También es necesario la autorización notarial de los padres (o representante legal), quienes deben presentar su Cédula de Identidad.",
        "procedure": "Debe presentarse en las Oficinas de Identificación Civil o en las redes de recolección (ABITAB, URUGUAYO CORREO, REDPAGOS). El procedimiento se paga en efectivo o débito en moneda nacional. Esté presente a la hora de la cita (previamente programada) con toda la documentación necesaria. Si son menores, él/ella debe estar acompañado por ambos padres. El pasaporte se retira el mismo día.",
        "location1": "En Montevideo: Bartolomé Mitre 1434 esquina 25 de mayo",
        "location2": "A otros lugares de Montevideo, acceso: https://dnic.minterior.gub.uy/index.php/nuestras-oficinas",
        "cost": "Primera vez: UYU $3,207.00 + Certificado Judicial UYU $107.00",
        "vality": "El pasaporte común tiene validez de 10 años.",
        "others": "Hay un tipo más de procedimiento:  En Línea: Inicie sesión con la cuenta de usuario uruguayo en este enlace (https://tramites.gub.uy/ampliados?id=4991) y clic en 'Iniciar paso en línea'. Rellene el formulario y pague la cuota. Después de presentarse el día y el lugar programados con la documentación, el pasaporte se retira el mismo día. Nota: Los procedimientos pueden variar según las regiones fuera de la capital.",
        "visa": "No se requiere visa para ingresar a su destino.",
        "vaccines": "No hay requisitos de vacunas. Sin embargo, la vacuna fiebre amarilla y la vacuna triple viral vacuna se recomiendan para su destino."
    }
]
