[
    {
        "name": "Argentina 🇦🇷",
        "infoText1": "Important contacts in Argentina: • Ambulances: 107 • Firefighters: 100 • Civil Defense (emergencies): 103 • Federal Police: 101/911 • Airports: 5480-6111 • Buetur (tourist assistance): 0800 999 283887",
        "infoText2": "Argentine public hospitals attend foreigners, but conditions are better in private hospitals. International health insurance is recommended.",
        "infoText3": "Cases of quickie kidnappings for ATM cash withdrawals have been registered in the country. Foreigners can also be victims of this type of crime.",
        "infoText4": "It is recommended that tourists don't ride bikes without a guide in certain regions. You should always look for information about the neighbourhoods you are going to.",
        "infoText5": "Tourists who intend to visit the Argentine desert should keep in mind that most roads may not be paved and even major highways may contain sand on the trail (which can cause accidents). In addition, there may be no telephone signal in desert regions. Temperatures also represent a risk.",
        "infoText6": "Local authorities will warn you in advance if they detect volcanic activity. Recommendations should be followed if there are alerts. In case of an eruption, the authorities will also give instructions. If an evacuation occurs, do not return to the site, even after the eruption has passed, until released by the competent authorities.",
        "infoText7": "In Buenos Aires and other cities of the country, the power plugs have 220 volts and 50 Hz. Caution when connecting a 110V electronic plug to a 220V outlet, it may burn. The power plugs in Buenos Aires are type I (three flattened pins, two upper ones inclined to the centre and one lower vertically positioned). Remember to bring adapter!",
        "infoText8": "Alcoholism control is often made to the drivers in the exits of wineries.",
        "infoText9": "The Argentinean steak is also a local custom. There are several steak houses in the country, from the simplest to the most expensive.",
        "infoText10": "NULL",
        "infoTitle1": "Important contacts",
        "infoTitle2": "Health",
        "infoTitle3": "Quickie kidnappings",
        "infoTitle4": "Crimes to cyclists",
        "infoTitle5": "Desert",
        "infoTitle6": "Volcanoes",
        "infoTitle7": "Power plugs",
        "infoTitle8": "Wineries",
        "infoTitle9": "Steak",
        "infoTitle10": "NULL",
        "warningTitle1": "Yellow fever",
        "warningSubtitle1": "Vaccine recommendation",
        "warningText1": "The yellow fever vaccine is recommended to travel to Argentina.",
        "warningTitle2": "Money",
        "warningSubtitle2": "Exchange offices",
        "warningText2": "There are several legal exchange offices in Argentina. However, there are also malicious exchange offices that pass on fake local currencies. It is advisable for the tourist to exchange their money in banks and other financial institutions of greater reliability.",
        "warningTitle3": "Crime scheme",
        "warningSubtitle3": "Stains on clothing",
        "warningText3": "Don't trust anyone in the street who warns you about stains on your clothing or offers to help you remove them. This is a known scheme to rob tourists. Important to hire excursions only with authorized and known companies, without accepting offers on the street."
    },
    {
        "name": "Brazil 🇧🇷",
        "infoText1": "Important contacts in Brazil: • Ambulances (SAMU): 192 • Firefighters: 193 • Civil Defense: 199 • Police: 190 • Federal Police: 194 • Women's Assistance Center: 180 • Human rights: 100",
        "infoText2": "The favelas are communities that many tourists are interested in visiting. Many good people live in them, but crime rates are high in these regions. Many of the favelas are under the influence of traffickers and organized crime. The favelas of all major cities, especially Rio de Janeiro, Salvador, São Paulo and Brasilia, are areas of high risk and should be avoided.",
        "infoText3": "It is highly recommended to have medical travel insurance with coverage of private hospitals during your stay in Brazil.",
        "infoText4": "There are cases of Dengue, Chikungunya, Zika and H1N1 viruses, all caused by the bite of the Aedes Aegypti mosquito. The sting is extremely harmful to pregnant women, especially during the first three months of pregnancy (can cause microcephaly). Preventive measures such as using repellents, appropriate clothing and avoiding prone locations are recommended.",
        "infoText5": "Brazil is known for football (soccer). The tourist who wishes to watch a football match must have the necessary documents to enter and leave the country (identity or valid passport); not take materials and objects that could be interpret as weapons or could be used to victimize other fans (sharp and / or sharp objects, explosive material, fireworks, wooden bats, etc.); treat opposing fans with respect, avoiding gestures that may be considered offensive; obey the orientation of the local police authorities (demanding the guarantee of your right to consular assistance).",
        "infoText6": "The plugs in Brazil are of type N: three round pins, two parallel and one in the middle them, slightly below the others.",
        "infoText7": "Punctuality in Brazil is taken seriously for professional occasions. For parties and leisure events, punctuality works differently: it is socially acceptable to arrive after the scheduled time.",
        "infoText8": "In Brazil, toilet paper is thrown in the trash. This is due to the fact that toilets and sewer pipes are very thin. So throwing paper in the toilet can clog it easily.",
        "infoText9": "Usually, Brazilian beer is very cold, unlike other countries (especially those with cold weather, such as European countries).",
        "infoText10": "In Brazil, individual restaurants orders are common. In them, your requests are charged at the end, when ordering the bill.",
        "infoTitle1": "Important contacts",
        "infoTitle2": "Favelas",
        "infoTitle3": "Health",
        "infoTitle4": "Mosquito diseases",
        "infoTitle5": "Football",
        "infoTitle6": "Power plugs",
        "infoTitle7": "Punctuality",
        "infoTitle8": "Toilet",
        "infoTitle9": "Beer",
        "infoTitle10": "Restaurant bill",
        "warningTitle1": "Yellow fever",
        "warningSubtitle1": "Vaccine recommendation",
        "warningText1": "The yellow fever vaccine is recommended to travel to Brazil.",
        "warningTitle2": "Public security",
        "warningSubtitle2": "Crime in the country",
        "warningText2": "Brazil is a country with a high crime rate. The most common form of violence is armed robbery, where victims are forced to deliver valuables or even withdraw cash from ATMs. These are incidents that can occur at any time and in any city, including the most touristy cities such as Rio de Janeiro, Sao Paulo, Salvador and the northeast coast. It is recommended to never walk unaccompanied (mainly on lonely beaches or parks), as it may be subject to robberies or accidents.",
        "warningTitle3": "Parking",
        "warningSubtitle3": "Cars on the streets",
        "warningText3": "There are people on the street who call themselves 'flanelinhas'. When you park your car on the street, they say they will take care of it and ask for some prepayment. When you return, probably he won't be there any more. It is advisable to give a little money to the 'flanelinha'. Otherwise, there is a chance that he will depredate it while it is parked."
    },
    {
        "name": "Chile 🇨🇱",
        "infoText1": "Important contacts in Chile: • Ambulances: 131 • Firefighters: 132 • Police (Carabineros): 133 • Maritime Rescue: 137 • Air Rescue: 138",
        "infoText2": "Foreign citizens do not have access to free medical care in Chile. Foreigners must pay for care and consultation, even in public hospitals. Large hospitals in the country generally accept credit cards, but many Chilean doctors and hospitals charge an immediate cash payment before taking any medical care. It is strongly recommended that travellers always take out adequate international health insurance, even if such a document is not required by local immigration authorities.",
        "infoText3": "Violence rates are increasing in Chile, especially in Santiago, Valparaiso and Viña del Mar. Attention is drawn to the areas of Cerro Santa Lucia, Cerro San Cristobal, the Central Market and the Costanera Norte shopping centre, where it has been reported most thefts.",
        "infoText4": "In many streets there are shared traffic lights, which open both for pedestrians to cross as for cars. Be careful",
        "infoText5": "Local authorities will warn you in advance if they detect volcanic activity. Recommendations should be followed if there are alerts. In case of an eruption, the authorities will also give instructions. If an evacuation occurs, do not return to the site, even after the eruption has passed, until released by the competent authorities.",
        "infoText6": "The voltage in Chile is 220V. The power plugs are type L (three rounded parallel pins) and C (two parallel rounded pins).",
        "infoText7": "Paying the bill in a Chilean restaurant can be confusing. It is said to 'cancel' the bill, instead of 'pay'.",
        "infoText8": "The tip in restaurants is 10% of the value of the bill. Tips are also given in the supermarket (packers).",
        "infoText9": "There may be outbreaks of Dengue fever and Zika fever (transmitted by mosquito bites) in Easter Island. These diseases cause fever, headaches, body irritations and joint pains, and there is no treatment. The continued use of insect repellents (recommended by medical authorities) is advised during island trips.",
        "infoText10": "NULL",
        "infoTitle1": "Important contacts",
        "infoTitle2": "Health",
        "infoTitle3": "Public security",
        "infoTitle4": "Traffic lights",
        "infoTitle5": "Volcanoes",
        "infoTitle6": "Power plugs",
        "infoTitle7": "Restaurant bill",
        "infoTitle8": "Tips in restaurants",
        "infoTitle9": "Easter Island",
        "infoTitle10": "NULL",
        "warningTitle1": "Prohibitions",
        "warningSubtitle1": "Alcohol and clothing",
        "warningText1": "In Chile, it is forbidden to walk shirtless through the streets and parks. It is also prohibited to consume alcoholic drinks in the streets, parks and beaches.",
        "warningTitle2": "Natural disasters",
        "warningSubtitle2": "Earthquakes in Chile",
        "warningText2": "Chile is characterized by constant occurrences of tremors and earthquakes in its territory. Although the country has structures that reduce the damage caused by seismic events, it is necessary that tourists take the precautions indicated to be prepared to deal with the eventual occurrence of these phenomena.",
        "warningTitle3": "Taxi",
        "warningSubtitle3": "Attention with your money",
        "warningText3": "Be careful with fake taxi meter. Taxi drivers are tampering the final value of service and making it more expensive. Always check the value you are passing."
    },
    {
        "name": "Colombia 🇨🇴",
        "infoText1": "The central contact for emergencies (police, firemen and hospitals) in Colombia is 123. The service will be in Spanish only.",
        "infoText2": "There is no free emergency medical care in Colombia for foreigners. It is recommended private health insurance or international travel insurance.",
        "infoText3": "Public security in Colombia has improved a lot in recent decades. The existence of the armed conflict with the FARC and the ELN, and the large-scale drug trafficking ('criminal gang' or 'Bacrim'), is no longer seen in the capital and major cities. However, this doesn't guarantee that political violence has been eliminated.",
        "infoText4": "With recent government successes against the FARC, most of the country is safe to travel (including by road). However, it is important to find out about the regions of the country where there is a strong presence of guerrillas and 'Bacrim', such as the departments of Norte de Santander and Nariño, the region of Urabá (department of Antioquia) and several areas of the departments of Cauca and Valle del Cauca.",
        "infoText5": "Expeditions in the countryside should be carefully evaluated, because of the presence of illegal armed groups in some areas of the country.",
        "infoText6": "In Colombia, there are many crimes related to taxi drivers. There are reports of fake taxi drivers robbing tourists, and even lightning kidnappings. Since it is not easy to find out if a taxi is clandestine or not on the street, it is best to look it for at an official stop or at some known company.",
        "infoText7": "In Colombia, the voltage is 110 volts and the power plugs are type A (two flat parallel pins), B (two flat parallel pins and one rounded pin below the others) and C (two parallel rounded pins).",
        "infoText8": "The bicycle lanes in Bogotá are considered the most extensive in Latin America (about 120km / 74.5 miles). In addition to the permanent lanes, several avenues are reserved for cyclists on Sundays and holidays.",
        "infoText9": "NULL",
        "infoText10": "NULL",
        "infoTitle1": "Important contact",
        "infoTitle2": "Health",
        "infoTitle3": "Violence and drug trafficking",
        "infoTitle4": "Restricted areas",
        "infoTitle5": "Adventure expeditions",
        "infoTitle6": "Taxi Crimes",
        "infoTitle7": "Power plugs",
        "infoTitle8": "Cycling",
        "infoTitle9": "NULL",
        "infoTitle10": "NULL",
        "warningTitle1": "Yellow fever",
        "warningSubtitle1": "Vaccine requirement",
        "warningText1": "Requirement of the International Certificate of Vaccination or Prophylaxis against Yellow Fever in Colombia. The vaccine is mandatory for entering the country.",
        "warningTitle2": "Altitude",
        "warningSubtitle2": "Health issues",
        "warningText2": "The altitude in some places produces many digestive and respiratory problems. Avoid eating in large quantities. In case of symptoms, look for medical advice.",
        "warningTitle3": "Trafficking at airports",
        "warningSubtitle3": "Beware of your bags",
        "warningText3": "Watch out for your bags at the airport! There are people who hide drugs in other people's luggage as a method of international trafficking."
    },
    {
        "name": "Peru 🇵🇪",
        "infoText1": "Important contacts in Peru: • First Aid (firefighters): 116 • Tourism Police: 0800-22221 • Police Stations: - Miraflores (Calle General Vidal 230): 445-3537/445-7943/ 446-3018 - Barranco (Prolongación San Martín 250) 247-7536 / 247-1383",
        "infoText2": "Peruvian public hospitals don't offer free services to foreign tourists. It is advisable to hire health insurance, which covers any medical expenses during your stay in the country. The Peruvian health network is good, but the availability of hospitals, equipment, pharmacies and doctors may be restricted in remote areas.",
        "infoText3": "The threat of Malaria may be high in the country's forest regions.",
        "infoText4": "Some Peruvian urban areas face problems of public security, with emphasis on certain areas of the capital and cities such as Trujillo, Ica and Chiclayo. Drug trafficking and extortion are the main responsible for most of the problems. There are also records of robberies and frauds, in which tourists are victims.",
        "infoText5": "A remnant faction of the Sendero Luminoso, linked to drug trafficking, remains active in Peru. There has been reported sporadic cases of violence in the Ayacucho, Cusco, Huancavelica, Huánuco and Junín regions. The group's actions may include kidnapping, assault and murder. Intermunicipal buses carrying tourists can be specially targeted by the group.",
        "infoText6": "Peru presents some dangerous areas, where the presence of the Government is limited and in which there is an incidence of problems related to drug trafficking. A particular area is the valley of the rivers Apurimac, Ene and Mantaro (VRAEM), where criminal groups operate. It should be noted that the VRAEM is located in an area relatively close to the tourist area of Cusco. There are also incidents of crime in areas of potential transit of travellers, such as the border areas with Bolivia, Brazil and Colombia.",
        "infoText7": "The standard of hygiene in Peru is a bit different. Care should be taken with the local cuisine as it can cause intestinal ailment and diarrhea. In case of symptoms, look for medical advice.",
        "infoText8": "Peru is located in an earthquake-prone area, known as the 'Pacific Fire Belt'. Small earthquakes are common throughout the year, usually without significant damage.",
        "infoText9": "The electric current of Peru is 220V, 60Hz. Their power plugs are of types A (two parallel flattened pins) and B (two flat parallel pins and one rounded pin below the others).",
        "infoText10": "Taxis are relatively cheap and most of them don't have a meter. The price of the race must be combined with the driver, before even entering the vehicle. The use of radio-taxi services is recommended for safety matters.",
        "infoTitle1": "Important contacts",
        "infoTitle2": "Health",
        "infoTitle3": "Malaria",
        "infoTitle4": "Public security",
        "infoTitle5": "Organized crime",
        "infoTitle6": "Restricted areas",
        "infoTitle7": "Hygiene",
        "infoTitle8": "Earthquakes",
        "infoTitle9": "Power plugs",
        "infoTitle10": "Taxis",
        "warningTitle1": "Vaccines",
        "warningSubtitle1": "Requirement and recommendation",
        "warningText1": "There is no vaccination requirement for tourists wishing to enter the country. The yellow fever vaccine is recommended if the tourist wishes to move away from urban centres.",
        "warningTitle2": "Altitude",
        "warningSubtitle2": "Health issues",
        "warningText2": "The increase of visitors in Cuzco and Machu Picchu, two of the main attractions in Peru, brought to the discussion the risks related to Andean tourism. The altitude in Cuzco, for example, reaches 3,400 meters (11,154.8 feet); in Lake Tititaca, to 4,000 meters (13,123.3 feet). Without undergoing a minimum period of acclimatization, many tourists experience the so-called 'altitude sickness', known as 'soroche'. Symptoms include nausea, headache, stomach pain, vomiting, shortness of breath, increased heart rate, and trouble sleeping. Most symptoms improve after a rest (or inhalation of oxygen). There are also cases of people who don't have adequate conditions to support the physical effort of Andean tourism and have serious health problems, such as accidents and heart attacks.",
        "warningTitle3": "Coke",
        "warningSubtitle3": "Legalized substance",
        "warningText3": "In Peru, coca leaf is legalized, mainly because of altitude. Be careful! This substance is legalized in very few countries."
    },
    {
        "name": "Uruguay 🇺🇾",
        "infoText1": "Important contacts in Uruguay: • Firefighters: 104 • Mobile emergency: 47725151 • Highway Patrol: 108 • Police Emergency: 911 • Police: 109",
        "infoText2": "Travelers should watch out for theft of documents (passports, for example) and valuables in areas of greater tourist concentration, especially in the cities of Montevideo and Punta Del Este (specially during holidays). Criminals generally have as victims women, tourists and individuals who show signs of carrying valuable items.",
        "infoText3": "Uruguay has a high-quality medical network. However, foreign citizens should only be treated by the Uruguayan private healthcare system, which can cost the tourist a lot of money. International health insurance is recommended.",
        "infoText4": "Uruguayans are punctual people with old traditions, such as napping after meals. Many establishments close for a few hours in the afternoon after lunch.",
        "infoText5": "In Uruguay, the power plugs may be of type C (two parallel rounded pins), F (two parallel rounded pins with safety catch) or L (three rounded pins aligned). The voltage is 220V, be careful.",
        "infoText6": "It is mandatory to turn on the vehicle lights, whether day or night, in the cities and on the roads.",
        "infoText7": "Uruguay has a law that forbids salt on restaurant tables. That said, some establishments leave the salt hanging for the use of customers. The government aims to preserve the health of the Uruguayans with this law.",
        "infoText8": "Many houses are identified by name, not number. The habit began in the 16th century and was a way for the owner to indicate his/her profession, family, origin or status. Examples: the 'doctor's house' or 'Martinez's'",
        "infoText9": "NULL",
        "infoText10": "NULL",
        "infoTitle1": "Important contacts",
        "infoTitle2": "Public security",
        "infoTitle3": "Health",
        "infoTitle4": "Opening Hours",
        "infoTitle5": "Power plugs",
        "infoTitle6": "Traffic ticket",
        "infoTitle7": "Restaurants",
        "infoTitle8": "Address",
        "infoTitle9": "NULL",
        "infoTitle10": "NULL",
        "warningTitle1": "Vaccines",
        "warningSubtitle1": "Tetanus and viral triple",
        "warningText1": "It is recommended to take tetanus and triple viral vaccine and to have medical insurance to cover all medical care since private medicine is expensive. If you are going to stay for a long time in Uruguay, it is recommended the association of mutual services, private medicine or medical emergency enrollment.",
        "warningTitle2": "Cannabis",
        "warningSubtitle2": "Legalized Substance",
        "warningText2": "Uruguay is a liberal country. Cannabis is legalized and controlled by the government for the pharmacy trade. This practice remains illegal for foreigners and tourists. The substance is illegal in most countries.",
        "warningTitle3": "Crime scheme",
        "warningSubtitle3": "Drinks at night clubs",
        "warningText3": "It is recommended that the tourist pay attention when ordering drinks in bars or nightclubs and other public places. During the stay in Uruguay, the acceptance of drinks, food or objects offered by strangers, especially in nightclubs, should be avoided."
    }
]

