[
    {
        "name": "Argentina 🇦🇷",
        "infoText1": "Servicios de utilidad pública de Argentina: • Ambulancias: 107 • Bomberos: 100 • Defensa Civil (emergencias): 103 • Policía Federal: 101/911 • Aeropuertos: 5480-6111 • Buetur (asistencia al turista): 0800 999 283887",
        "infoText2": "Los hospitales públicos argentinos atienden a extranjeros. Sin embargo, las condiciones son mejores en hospitales privados. Se recomienda contratar un seguro médico internacional.",
        "infoText3": "Casos de secuestro relámpago para retiros en cajeros automáticos se han registrado en el país. Los extranjeros también pueden ser víctimas de este tipo de crimen.",
        "infoText4": "Se recomienda que los turistas no salgan en bicicleta sin guía en ciertas regiones del país. Se debe siempre buscar informaciones sobre los barrios adonde van. En caso de duda, consulte a las autoridades policiales locales.",
        "infoText5": "Los turistas que deseen visitar el desierto argentino deben tener en cuenta que la mayoría de las carreteras pueden no ser pavimentadas y incluso las principales carreteras pueden contener arena en la pista (pudiendo causar accidentes). Además, puede que no haya señal telefónica en regiones desérticas. Las temperaturas también representan un riesgo adicional.",
        "infoText6": "Las autoridades locales avisarán con antelación si detectan actividad volcánica. Las recomendaciones deben seguirse si existen alertas. En caso de erupción, las autoridades también darán instrucciones. Si hay evacuación, no vuelva al lugar, incluso después de que la erupción haya pasado, hasta que sea liberada por las autoridades competentes.",
        "infoText7": "En Buenos Aires y en gran parte del país, las tomas tienen voltaje de 220V y 50Hz. Cuidado al conectar un enchufe electrónico de 110V a una toma de 220V, puede quemarse. La toma en Buenos Aires es del tipo I (tres pines aplanados, siendo dos superiores inclinados al centro y uno inferior en la vertical).",
        "infoText8": "En cuanto a visitas a las bodegas y vinícolas, a menudo se hace el control de alcoholemia a los conductores en las salidas de esos locales.",
        "infoText9": "La barbacoa argentina también es una costumbre local. Hay varias parrillas en el país, de las más simples a las más chic. En casa o en la calle, el domingo argentino no es el mismo sin una buena barbacoa.",
        "infoText10": "NULL",
        "infoTitle1": "Contactos importantes",
        "infoTitle2": "Salud",
        "infoTitle3": "Secuestros relámpago",
        "infoTitle4": "Robo a los ciclistas",
        "infoTitle5": "Deserto",
        "infoTitle6": "Vulcões",
        "infoTitle7": "Enchufes eléctricos",
        "infoTitle8": "Bodegas",
        "infoTitle9": "Barbacoa",
        "infoTitle10": "NULL",
        "warningTitle1": "Fiebre amarilla",
        "warningSubtitle1": "Recomendación de vacuna",
        "warningText1": "Se recomienda la vacuna contra la fiebre amarilla para viajar a Argentina.",
        "warningTitle2": "Dinero",
        "warningSubtitle2": "Casas de cambio",
        "warningText2": "Hay varias casas de cambio legalizadas en Argentina. Sin embargo, también existen casas de cambio mal intencionadas que repasan monedas locales falsificadas. Se recomienda al turista cambiar su dinero en bancos y otras instituciones financieras de mayor confiabilidad.",
        "warningTitle3": "Golpe",
        "warningSubtitle3": "Manchas en la ropa",
        "warningText3": "Desconfíe de quien, en la calle, le advierte sobre manchas en la ropa o se ofrezca para ayudarle a sacarlas. Esto se trata de un conocido golpe para asaltar a los turistas. Importante contratar excursiones sólo con compañías autorizadas y conocidas, sin aceptar ofertas en la calle."
    },
    {
        "name": "Brasil 🇧🇷",
        "infoText1": "Servicios de utilidad pública de Brasil: • Ambulancia (SAMU): 192 • Bomberos: 193 • Defensa Civil: 199 • Policía Federal: 194 • Centro de Atención a la Mujer: 180 • Derechos humanos: 100",
        "infoText2": "Las 'favelas' son comunidades muy visadas por turistas. Muchas personas de bien viven en ellas, pero índices de criminalidades son altos en esas regiones. Muchas de las 'favelas' están bajo la influencia de traficantes y del crimen organizado. Las 'favelas' de todas las grandes ciudades, especialmente de Río de Janeiro, Salvador, São Paulo y Brasilia, son áreas de alto riesgo y deben ser evitadas.",
        "infoText3": "Es altamente recomendable un seguro médico de viaje con cobertura de hospitales privados durante la estancia en Brasil.",
        "infoText4": "Hay casos de Dengue, Chikungunya, virus Zika y H1N1, todos causados por la picadura del mosquito Aedes Aegypti. La picadura es extremadamente perjudicial para las mujeres embarazadas, especialmente durante los primeros tres meses de embarazo (puede causar microcefalia). Se recomienda precaución y prevención utilizando repelentes, ropa apropiada y evitando lugares propensos.",
        "infoText5": "El turista que desea asistir a un partido de fútbol en el país debe portar los documentos necesarios para ingreso y salida del país (identidad o pasaporte válido); no portar materiales y objetos que puedan ser interpretados como armas o puedan victimizar a otros aficionados (objetos puntiagudos y / o cortantes, material explosivo, fuegos artificiales, bastones de madera, etc); tratar con respecto a la hinchada adversaria, incluso evitando gestos que puedan ser considerados ofensivos; acatar las orientaciones de las autoridades policiales locales, sin dejar de exigir la garantía de su derecho a la asistencia consular.",
        "infoText6": "Los enchufes eléctricos en Brasil son del tipo N. Son tres pines redondos, dos paralelos y uno entre los otros, ligeramente por debajo.",
        "infoText7": "La puntualidad en Brasil es tomada en serio para ocasiones profesionales. Para eventos festivos y de ocio, la puntualidad funciona de forma diferente: es aceptado socialmente que usted llegue después del horario programado.",
        "infoText8": "En Brasil, el papel higiénico se juega en la basura. Esto es porque los tubos que componen el baño y su sistema de desagüe son más delgados que los de otros países. Entonces, jugar papel higiénico en el inodoro puede obstruir fácilmente.",
        "infoText9": "La cerveza brasileña es generalmente fría, a diferencia de otros países (principalmente de aquellos que tienen clima frío, como países europeos).",
        "infoText10": "En Brasil, las comandas individuales son comunes. En ellas, sus pedidos son cobrados al final, al hacer el pedido de la cuenta.",
        "infoTitle1": "Contactos importantes",
        "infoTitle2": "Favelas",
        "infoTitle3": "Salud",
        "infoTitle4": "Enfermedades por mosquitos",
        "infoTitle5": "Fútbol",
        "infoTitle6": "Enchufes eléctricos",
        "infoTitle7": "Puntualidad",
        "infoTitle8": "Vaso sanitario",
        "infoTitle9": "Cerveza",
        "infoTitle10": "Restaurantes",
        "warningTitle1": "Fiebre amarilla",
        "warningSubtitle1": "Recomendación de vacuna",
        "warningText1": "La vacuna contra la fiebre amarilla es recomendada para extranjeros que desean viajar a Brasil.",
        "warningTitle2": "Seguridad Pública",
        "warningSubtitle2": "Criminalidad en el país",
        "warningText2": "Brasil es un país con alta tasa de criminalidad. La forma más común de violencia son los asaltos a mano armada en que las víctimas se ven obligadas a entregar objetos de valor o hasta sacar dinero de los cajeros automáticos. Son incidentes que pueden ocurrir en cualquier momento y en cualquier ciudad, incluyendo las ciudades más turísticas como Río de Janeiro, São Paulo, Salvador y la costa noreste. Se recomienda no caminar sin estar acompañado (principalmente en playas solitarias o parques), pues puede estar sujeto a asaltos o accidentes.",
        "warningTitle3": "Estacionamiento",
        "warningSubtitle3": "Autos en las calles",
        "warningText3": "Hay personas en la calle que se llaman 'flanelinhas'. Cuando usted estaciona el auto en la calle, ellos dicen que se quedarán cuidando de su coche y piden algún pago previo. En el momento en que usted vuelve, es probable que ya no esté allí. Es aconsejable dar un poco de dinero a los 'flanelinhas', pues de lo contrario existe el riesgo de depredar mientras esté estacionado."
    },
    {
        "name": "Chile 🇨🇱",
        "infoText1": "Servicios de utilidad pública de Chile: • Ambulancia: 131 • Bomberos: 132 • Policía (Carabineros): 133 • Rescate Marítimo: 137 • Rescate Aéreo: 138",
        "infoText2": "Los ciudadanos extranjeros no tienen acceso a asistencia médica gratuita en Chile. Los extranjeros deben pagar por la atención y las consultas, incluso en hospitales públicos. Grandes hospitales en el país generalmente aceptan tarjetas de crédito, pero muchos médicos y hospitales chilenos cobran pago inmediato, en especie, antes de tomar cualquier providencia médica. Se recomienda encarecidamente que los viajeros siempre contraten un seguro internacional de salud adecuado, aunque este documento no sea exigido por las autoridades migratorias locales.",
        "infoText3": "Los índices de violencia están aumentando en Chile, especialmente en Santiago, Valparaiso y Viña del Mar. Se recomienda atención y cuidado en las áreas de Cerro Santa Lucia, Cerro San Cristobal, en el Mercado Central y en el centro comercial Costanera Norte, donde ha sido reportada la mayoría de los hurtos.",
        "infoText4": "En muchas vías de Chile hay semáforos compartidos, que abren tanto para peatones atravesando como para los coches. ¡Mantente atento!",
        "infoText5": "Las autoridades locales avisarán con antelación si detectan actividad volcánica. Las recomendaciones deben seguirse si existen alertas. En caso de erupción, las autoridades también darán instrucciones. Si hay evacuación, no vuelva al lugar, incluso después de que la erupción haya pasado, hasta que sea liberada por las autoridades competentes.",
        "infoText6": "El voltaje en Chile es de 220V, pero generalmente los electrónicos más nuevos son bivolts. Los enchufes son del tipo L (tres pines redondos alineados) y C (dos pines redondos paralelos).",
        "infoText7": "Pagar la cuenta de un restaurante en Chile puede ser confuso. En ella se dice la palabra 'cancelar' en lugar de 'pagar'.",
        "infoText8": "La propina en restaurantes es del 10% del valor de la cuenta. También se da propina en las cajas de los supermercados (empaquetadores).",
        "infoText9": "Los viajeros que deseen visitar la Isla de Pascua deben tener en cuenta que puede haber brotes de dengue y de la fiebre del Zika (transmitidos por la picadura de mosquitos). Estas enfermedades provocan fiebre, dolores de cabeza, irritaciones por el cuerpo y dolores en las juntas, y no hay tratamiento. Se aconseja el uso continuo de repelentes de insectos (recomendados por autoridades médicas) durante viajes a la isla.",
        "infoText10": "NULL",
        "infoTitle1": "Contactos importantes",
        "infoTitle2": "Salud",
        "infoTitle3": "Seguridad Pública",
        "infoTitle4": "Semáforo",
        "infoTitle5": "Volcanes",
        "infoTitle6": "Enchufes eléctricos",
        "infoTitle7": "Pedir la cuenta",
        "infoTitle8": "Propinas",
        "infoTitle9": "Isla de Pascua",
        "infoTitle10": "NULL",
        "warningTitle1": "Prohibiciones",
        "warningSubtitle1": "Uso de bebidas y ropa",
        "warningText1": "En Chile, está prohibido caminar sin camisa por las calles y parques. También está prohibido consumir bebidas alcohólicas en las calles, parques y playas.",
        "warningTitle2": "Desastres naturales",
        "warningSubtitle2": "Terremotos en Chile",
        "warningText2": "Chile se caracteriza por constantes sucesos de temblores y terremotos en su territorio. Aunque el país tiene estructuras que reducen los daños causados por los eventos sísmicos, es necesario que los turistas tomen las precauciones indicadas para estar preparados para lidiar con la eventual ocurrencia de esos fenómenos.",
        "warningTitle3": "Taxi",
        "warningSubtitle3": "Atenção com seu dinheiro",
        "warningText3": "Tenga cuidado con la adulteración del medidor. Los conductores de taxi están adulterando el valor final de servicio y haciéndolo más caro. Siempre verifique el valor que está pasando."
    },
    {
        "name": "Colombia 🇨🇴",
        "infoText1": "El teléfono central para emergencias (policía, bomberos y hospitales) en Colombia es 123. La atención será únicamente en español.",
        "infoText2": "No hay asistencia médica de emergencia gratuita en Colombia para extranjeros. Se recomienda un plan de salud privado o seguro internacional de viaje.",
        "infoText3": "La seguridad pública en Colombia ha mejorado mucho en las últimas décadas. No se percibe, en la capital y en las principales ciudades del país, la existencia del conflicto armado con las FARC y el ELN, y del narcotráfico de gran escala ('bandas criminales' o 'Bacrim'). Sin embargo, esto no garantiza que se haya eliminado la violencia política.",
        "infoText4": "Con los recientes éxitos del gobierno contra las FARC, la mayor parte del país es segura para viajar, incluso por carretera. Es importante, sin embargo, informarse sobre las regiones del país donde hay fuerte presencia de guerrillas y 'Bacrim', como los departamentos de Norte de Santander y Nariño, la región de Urabá (departamento de Antioquia) y diversas áreas de los departamentos del departamento, Cauca y Valle del Cauca.",
        "infoText5": "Expediciones en áreas rurales o locales fuera del perímetro de las grandes ciudades deben ser evaluadas con cuidado, debido a la presencia de grupos armados ilegales en algunas áreas del país.",
        "infoText6": "En Colombia hay muchos delitos relacionados con los taxistas. Hay informes de taxistas falsos robando turistas y hasta secuestros relámpagos. Y como no es fácil descubrir si un taxi es clandestino o no en la calle, es mejor recogerlo en un punto oficial o en alguna empresa conocida.",
        "infoText7": "En Colombia la tensión es de 110V y los enchufes eléctricos son del tipo A (dos pines planos paralelos), B (dos pines planos paralelos y un pino abajo redondeado) y C (dos pines redondos paralelos).",
        "infoText8": "Las ciclovías de Bogotá son consideradas las más extensas de América Latina, con cerca de 120 km. Además de las vías permanentes, diversas avenidas se destinan a los ciclistas los domingos y festivos.",
        "infoText9": "NULL",
        "infoText10": "NULL",
        "infoTitle1": "Contacto importante",
        "infoTitle2": "Salud",
        "infoTitle3": "Violencia y narcotráfico",
        "infoTitle4": "Áreas restringidas",
        "infoTitle5": "Expediciones de aventura",
        "infoTitle6": "Crímenes por taxistas",
        "infoTitle7": "Enchufes eléctricos",
        "infoTitle8": "Ciclismo",
        "infoTitle9": "NULL",
        "infoTitle10": "NULL",
        "warningTitle1": "Fiebre amarilla",
        "warningSubtitle1": "Exigencia de vacun",
        "warningText1": "Requisito del Certificado Internacional de Vacunación contra la Fiebre Amarilla en Colombia. La vacuna es obligatoria para la entrada en el país.",
        "warningTitle2": "Altitud",
        "warningSubtitle2": "Problemas de salud",
        "warningText2": "La altitud en algunos lugares produce muchos problemas digestivos y respiratorios. Evite comer en grandes cantidades. En caso de síntomas consulte a un médico.",
        "warningTitle3": "Tráfico en aeropuertos",
        "warningSubtitle3": "Cuidado con sus maletas",
        "warningText3": "¡Cuidado con sus maletas en el aeropuerto! Hay personas que actúan de mala fe y esconden drogas en el equipaje de otras personas como método de tráfico internacional."
    },
    {
        "name": "Perú 🇵🇪",
        "infoText1": "Servicios de utilidad pública de Peru são: • Primeros auxilios (bomberos): 116 • Policía de Turismo: 0800-22221 • Delegaciones de Policía: - Miraflores (Calle General Vidal 230): 445-3537/445-7943/ 446-3018 - Barranco (Prolongación San Martín 250) 247-7536 / 247-1383",
        "infoText2": "Los hospitales públicos peruanos no ofrecen servicios gratuitos a turistas extranjeros. Es aconsejable contratar seguro de salud, que cubre cualquier gasto médico durante la estancia en el país. La red de salud peruana es buena, pero la disponibilidad de hospitales, equipos, farmacias y médicos puede ser más restringida en áreas remotas del país.",
        "infoText3": "El riesgo de salud presentado por la malaria o el impaludismo puede ser alto en las regiones forestales del país.",
        "infoText4": "Algunas zonas urbanas peruanas enfrentan problemas de seguridad pública, con destaque para determinadas áreas de la capital y ciudades como Trujillo, Ica y Chiclayo. La parte expresiva de los problemas de delincuencia se concentra en la actuación de grupos especializados en el tráfico de drogas y en la práctica de extorsión. Hay, también, registros de asaltos, hurtos y fraudes, que tienen turistas como víctimas.",
        "infoText5": "La facción remanente de Sendero Luminoso, vinculada al narcotráfico, permanece activa en Perú y ha registrado casos esporádicos de violencia en las regiones de Ayacucho, Cusco, Huancavelica, Huánuco y Junín. Las acciones del grupo pueden incluir secuestros, agresiones, asalto y asesinatos. Los autobuses intermunicipales transportando turistas pueden ser especialmente visados por el grupo.",
        "infoText6": "Perú presenta algunas áreas de riesgo, donde la presencia del Estado es limitada y en la que hay incidencia de problemas vinculados al narcotráfico. Área de particular riesgo es el valle de los ríos Apurimac, Ene y Mantaro (VRAEM), donde actúan grupos criminales. Se nota que el VRAEM se ubica en área relativamente próxima al área turística de Cusco. Hay incidencia de delitos también en áreas de potencial tránsito de viajeros, como algunos fragmentos de las zonas de frontera con Bolivia, Brasil y Colombia.",
        "infoText7": "O padrão de higiene no Peru é um pouco diferente. Cuidados devem ser tomados com a culinária local, pois podem causar indisposição intestinal e diarréia. Qualquer sintomas procure um médico.",
        "infoText8": "Perú está ubicado en un área de terremotos, conocida como 'Cinturón de Fuego del Pacífico'. Son comunes pequeños temblores de tierra a lo largo del año, normalmente sin daños significativos.",
        "infoText9": "La corriente eléctrica del Perú es 220V, 60Hz. Enchufes eléctricos son del tipo A (dos pines planos paralelos) y B (dos pines planos paralelos y un pin inferior redondeado).",
        "infoText10": "Los taxis son relativamente baratos y funcionan sin taxímetro. El precio de la carrera debe ser combinado con el conductor, antes incluso de entrar en el vehículo. Se recomienda el uso de servicios de radio-taxi, por motivos de seguridad.",
        "infoTitle1": "Contactos importantess",
        "infoTitle2": "Salud",
        "infoTitle3": "Malaria",
        "infoTitle4": "Seguridad Pública",
        "infoTitle5": "Crimen organizado",
        "infoTitle6": "Áreas restringidas",
        "infoTitle7": "Higiene en la cocina",
        "infoTitle8": "Terremotos",
        "infoTitle9": "Enchufes eléctricos",
        "infoTitle10": "Taxis",
        "warningTitle1": "Vacunas",
        "warningSubtitle1": "Solicitud de vacuna",
        "warningText1": "No hay exigencia de vacunación para los turistas que desean entrar en el país. La vacuna contra la fiebre amarilla se recomienda si el turista desea alejarse de los centros urbanos.",
        "warningTitle2": "Altitud",
        "warningSubtitle2": "Problemas de salud",
        "warningText2": "El aumento en el flujo de visitantes a Cuzco y Machu Picchu, dos de las principales atracciones del Perú, trajo a la discusión los riesgos relacionados con el turismo andino. La altitud en Cuzco, por ejemplo, llega a 3.400 metros; en el Lago Tititaca, a 4.000. Sin someterse a un período mínimo de aclimatación, muchos turistas experimentan el llamado 'mal de altitud', conocido como 'soroche'. Los síntomas incluyen mareo, dolor de cabeza, dolor en el estómago, vómitos, náuseas, falta de aire, aumento de la frecuencia cardíaca y dificultades para dormir. La mayoría de los síntomas mejora con el descanso o la inhalación de oxígeno. Hay, además, casos de personas que no presentan las condiciones adecuadas para soportar el esfuerzo físico del turismo andino y presentan problemas serios de salud, como accidentes vasculares y ataques al corazón.",
        "warningTitle3": "Coca",
        "warningSubtitle3": "Sustancia legalizada",
        "warningText3": "En Perú, la hoja de coca es legalizada principalmente debido a la altitud. Tenga cuidado, porque esta sustancia está legalizada en muy pocos países."
    },
    {
        "name": "Uruguay 🇺🇾",
        "infoText1": "Servicios de utilidad pública de Uruguay são: • Bomberos: 104 • Emergencia móvil: 47725151 • Policía de Carreteras: 108 • Emergencia Policial: 911 • Policía: 109",
        "infoText2": "Los viajeros deben tener cuidado con hurtos y robos de documentos (pasaportes, por ejemplo) y objetos de valor en zonas de mayor concentración turística, especialmente en las ciudades de Montevideo y Punta del Este, y en épocas de vacaciones. Los criminales generalmente tienen como víctimas a las mujeres, los turistas y los individuos que den señales de estar cargando elementos de valor.",
        "infoText3": "Uruguay dispone de una red médica de buena calidad. Sin embargo, ciudadanos extranjeros deberán ser atendidos sólo por el sistema de salud privado uruguayo, lo que puede costar al turista valores expresivos. Se recomienda un seguro de salud internacional.",
        "infoText4": "Los uruguayos son personas puntuales con antiguas tradiciones, como la siesta después de las comidas. Muchos establecimientos se cierran por unas horas por la tarde, después del horario de almuerzo.",
        "infoText5": "En Uruguay los enchufes eléctricos pueden ser del tipo C (dos pines redondos paralelos), F (dos pines redondos paralelos con traba de seguridad) o L (tres pines redondos alineados). El voltaje es 220V, tenga cuidado.",
        "infoText6": "Es obligatorio el uso de faros encendidos en vehículos, no importa si de día o de noche, en el tráfico de vehículos en las ciudades y en las carreteras.",
        "infoText7": "Uruguay tiene una ley que prohíbe la sal en las mesas de los restaurantes. Para eludir la ley, algunos establecimientos dejan la sal colgada para el uso de los clientes. Esta determinación del gobierno pretende preservar la salud de los uruguayos.",
        "infoText8": "s casas son identificadas por el nombre, no por el número. El hábito comenzó en el siglo 16 y fue una manera del dueño de indicar su profesión, familia, origen o estado. Ejemplos: la 'casa del médico' o 'la de Martinez'.",
        "infoText9": "NULL",
        "infoText10": "NULL",
        "infoTitle1": "Contactos importantes",
        "infoTitle2": "Seguridad Pública",
        "infoTitle3": "Salud",
        "infoTitle4": "Horarios de funcionamiento",
        "infoTitle5": "Enchufes eléctricos",
        "infoTitle6": "Multa de tráfico",
        "infoTitle7": "Restaurantes",
        "infoTitle8": "Casas",
        "infoTitle9": "NULL",
        "infoTitle10": "NULL",
        "warningTitle1": "Vacunas",
        "warningSubtitle1": "Tétano y tríplice viral",
        "warningText1": "Es aconsejable tener vacunas contra el tétano y la triple viral actualizadas, tener seguro que cubran todos los cuidados médicos, ya que los costos de la medicina privada son altos. En caso de estancias más largas en el país, se recomienda la asociación de servicios mutuos, medicina privada o inscripción de emergencia médica.",
        "warningTitle2": "Cannabis",
        "warningSubtitle2": "Sustancia legalizada",
        "warningText2": "Uruguay es un país liberal. El cannabis es liberado y controlado por el gobierno para el comercio de farmacias. Tal práctica sigue siendo ilegal para turistas y otros ciudadanos extranjeros visitantes en el país. La sustancia es ilegal en la mayoría de los países.",
        "warningTitle3": "Golpe",
        "warningSubtitle3": "Bebidas en los clubes nocturnos",
        "warningText3": "Se recomienda que el turista preste atención al pedir bebidas en bares o clubes nocturnos y otros lugares públicos. Durante la estancia en Uruguay, la aceptación de bebidas, alimentos u objetos ofrecidos por extraños, especialmente en clubes nocturnos, debe ser evitada."
    }
]

