[
    {
        "name": "Argentina 🇦🇷",
        "infoText1": "Serviços de utilidade pública da Argentina: • Ambulâncias: 107 • Bombeiros: 100 • Defesa Civil (emergências): 103 • Polícia Federal: 101/911 • Aeroportos: 5480-6111 • Buetur (assistência ao turista): 0800 999 283887",
        "infoText2": "Hospitais públicos argentinos atendem estrangeiros. Entretanto, as condições são melhores em hospitais particulares. Recomenda-se contratar um seguro médico internacional.",
        "infoText3": "Casos de sequestro relâmpago para saques em caixas eletrônicos têm sido registrados no país. Estrangeiros também podem ser vítimas desse tipo de crime.",
        "infoText4": "Recomenda-se que os turistas não saiam de bicicleta sem guia em certas regiões do país. Deve-se sempre procurar informações sobre os bairros aonde vão. Em caso de dúvida, consulte as autoridades policiais locais. ",
        "infoText5": "Turistas que pretendem visitar o deserto argentino devem ter em mente que, a maioria das estradas pode não ser pavimentada e até mesmo as principais rodovias podem conter areia na trilha (podendo causar acidentes). Além disso, pode não haver sinal telefônico em regiões desérticas. As temperaturas também representam um risco adicional.",
        "infoText6": "As autoridades locais avisarão com antecedência se detectarem atividade vulcânica. Recomendações devem ser seguidas se houver alertas. Em caso de erupção, as autoridades também darão instruções. Se houver evacuação, não retorne ao local, mesmo depois que a erupção tiver passado, até que seja liberada pelas autoridades competentes.",
        "infoText7": "Em Buenos Aires e em grande parte do país, as tomadas possuem voltagem de 220V e 50Hz. Cuidado ao conectar um plugue eletrônico de 110V a uma tomada de 220V, ele pode queimar. A tomada em Buenos Aires são do tipo I (três pinos achatados, sendo dois superiores inclinados ao centro e um inferior na vertical). Lembre-se de trazer adaptador!",
        "infoText8": "A respeito de visitas às bodegas e vinícolas, frequentemente é feito o controle de alcoolemia aos motoristas nas saídas desses locais.",
        "infoText9": "O churrasco argentino também é um costume local. Existem diversas churrascarias no país, das mais simples às mais chiques. Em casa ou na rua, o domingo argentino não é o mesmo sem um bom churrasco.",
        "infoText10": "NULL",
        "infoTitle1": "Contatos importantes",
        "infoTitle2": "Saúde",
        "infoTitle3": "Sequestros relâmpago",
        "infoTitle4": "Roubos à ciclistas",
        "infoTitle5": "Deserto",
        "infoTitle6": "Vulcões",
        "infoTitle7": "Tipo de tomadas",
        "infoTitle8": "Vinícolas",
        "infoTitle9": "Churrasco",
        "infoTitle10": "NULL",
        "warningTitle1": "Febre Amarela",
        "warningSubtitle1": "Recomendação de vacina",
        "warningText1": "A vacina contra a febre amarela é recomendada para viajar para a Argentina.",
        "warningTitle2": "Dinheiro",
        "warningSubtitle2": "Casas de câmbio",
        "warningText2": "Existem diversas casas de câmbio legalizadas na Argentina. Entretanto, existem também casas de câmbio mal intencionadas que repassam moedas locais falsificadas. Recomenda-se ao turista trocar seu dinheiro em bancos e outras instituições finaceiras de maior confiabilidade.",
        "warningTitle3": "Golpe",
        "warningSubtitle3": "Manchas na roupa",
        "warningText3": "Desconfie de quem, na rua, adverti-lo sobre manchas na roupa ou se ofereça para ajudá-lo a tirá-las. Isso trata-se de um conhecido golpe para assaltar turistas. Importante contratar excursões apenas com companhias autorizadas e conhecidas, sem aceitar ofertas na rua."
    },
    {
        "name": "Brasil 🇧🇷",
        "infoText1": "Serviços de utilidade pública do Brasil são: • Ambulância (SAMU): 192 • Bombeiros: 193 • Defesa Civil: 199 • Polícia Federal: 194 • Central de Atendimento à Mulher: 180 • Direitos Humanos: 100",
        "infoText2": "As favelas são comunidades muito visada por turistas. Muitas pessoas de bem moram nelas, porém índices de criminalidades são altos nessas regiões. Muitas das favelas estão sob influência de traficantes e do crime organizado. As favelas de todas as grandes cidades, especialmente do Rio de Janeiro, Salvador, São Paulo e Brasília, são áreas de alto risco e devem ser evitadas.",
        "infoText3": "É altamente recomendável um seguro médico de viagem com cobertura de hospitais privados durante a estadia no Brasil.",
        "infoText4": "Existem casos de Dengue, Chikungunya, vírus Zika e H1N1, todos causados ​​pela picada do mosquito Aedes Aegypti. A picada é extremamente prejudicial à mulheres grávidas, especialmente durante os primeiros três meses de gravidez (pode causar microcefalia). Recomenda-se precaução e prevenção utilizando repelentes, roupas apropriadas e evitando locais propensos.",
        "infoText5": "O Brasil é conhecido como 'o país do futebol'. O turista que deseja assistir uma partida de futebol no país deve portar os documentos necessários para ingresso e saída do país (identidade ou passaporte válido); não portar materiais e objetos que possam ser interpretados como armas ou possam vitimar outros torcedores (objetos pontiagudos e/ou cortantes, material explosivo, fogos de artifício, bastões de madeira, etc); tratar com respeito a torcida adversária, inclusive evitando gestos que possam ser considerados ofensivos; acatar as orientações das autoridades policiais locais, sem deixar de exigir a garantia de seu direito à assistência consular.",
    "infoText6": "As tomadas no Brasil são do tipo N. São três pinos redondos, dois paralelos e um entre os outros, ligeiramente abaixo.",
        "infoText7": "A pontualidade no Brasil é levada a sério para ocasiões profissionais. Para eventos festivos e de lazer, a pontualidade funciona de forma diferente: é aceito socialmente que você chegue após o horário agendado.",
        "infoText8": "No Brasil, o papel higiênico é jogado no lixo. Isso porque os canos que compõem o banheiro e seu sistema de esgoto são mais finos do que os de outros países. Então, jogar papel higiênico no vaso sanitário pode entupir-lo facilmente.",
        "infoText9": "A cerveja brasileira é geralmente fria, diferentemente de outros países (principalmente daqueles que possuem clima frio, como países europeus).",
        "infoText10": "No Brasil, as comandas individuais são comuns. Nelas, seus pedidos são cobrados no final, ao fazer o pedido da conta.",
        "infoTitle1": "Contatos importantes",
        "infoTitle2": "Favelas",
        "infoTitle3": "Saúde",
        "infoTitle4": "Doenças de mosquito",
        "infoTitle5": "Futebol",
        "infoTitle6": "Tipo de tomada",
        "infoTitle7": "Pontualidade",
        "infoTitle8": "Vaso sanitário",
        "infoTitle9": "Cerveja",
        "infoTitle10": "Restaurantes",
        "warningTitle1": "Febre Amarela",
        "warningSubtitle1": "Recomendação de vacina",
        "warningText1": "A vacina contra a febre amarela é recomendada para estrangeiros que desejam viajar ao Brasil.",
        "warningTitle2": "Segurança pública",
        "warningSubtitle2": "Criminalidade no país",
        "warningText2": "O Brasil é um país com alta taxa de criminalidade. A forma mais comum de violência são os assaltos à mão armada em que as vítimas são forçadas a entregar objetos de valor ou até a sacar dinheiro dos caixas eletrônicos. São incidentes que podem ocorrer a qualquer hora e em qualquer cidade, incluindo as cidades mais turísticas como Rio de Janeiro, São Paulo, Salvador e a costa nordeste. Recomenda-se não andar sem estar acompanhado (principalmente em praias solitárias ou parques), pois pode estar sujeito a assaltos ou acidentes.",
        "warningTitle3": "Estacionamento",
        "warningSubtitle3": "Carros nas ruas",
        "warningText3": "Há pessoas na rua que se chamam 'flanelinhas'. Quando você estaciona o carro na rua, eles dizem que ficarão cuidando do seu carro e pedem algum pagamento prévio. No momento em que você volta, é provável que ele não esteja mais lá. É aconselhável dar um pouco de dinheiro aos 'flanelinhas', pois caso contrário existe o risco dele depredar enquanto estiver estacionado."
    },
    {
        "name": "Chile 🇨🇱",
        "infoText1": "Serviços de utilidade pública do Chile são: • Ambulância: 131 • Bombeiros: 132 • Polícia (Carabineros): 133 • Resgate Marítimo: 137 • Resgate Aéreo: 138",
        "infoText2": "Cidadãos estrangeiros não têm acesso a assistência médica gratuita no Chile. Estrangeiros devem pagar pelo atendimento e consultas, mesmo em hospitais públicos. Grandes hospitais no país geralmente aceitam cartões de crédito, mas muitos médicos e hospitais chilenos cobram pagamento imediato, em espécie, antes de tomarem qualquer providência médica. Recomenda-se vivamente que viajantes sempre contratem seguro internacional de saúde adequado, mesmo que tal documento não seja exigido pelas autoridades migratórias locais.",
        "infoText3": "Os índices de violência estão aumentando no Chile, especialmente em Santiago, Valparaiso e Viña del Mar. Recomenda-se atenção e cuidado nas áreas de Cerro Santa Lucia, Cerro San Cristobal, no Mercado Central e no centro comercial Costanera Norte, onde tem sido relatada a maioria dos furtos.",
        "infoText4": "Em muitas vias do Chile há semáforos compartilhados, que abrem tanto para pedestres atravessarem quanto para os carros. Fique atento!",
        "infoText5": "As autoridades locais avisarão com antecedência se detectarem atividade vulcânica. Recomendações devem ser seguidas se houver alertas. Em caso de erupção, as autoridades também darão instruções. Se houver evacuação, não retorne ao local, mesmo depois que a erupção tiver passado, até que seja liberada pelas autoridades competentes.",
        "infoText6": "A voltagem no Chile é de 220V, mas geralmente os eletrônicos mais novos são bivolts. As tomadas são do tipo L (três pinos redondos alinhados) e C (dois pinos redondos paralelos).",
        "infoText7": "Pagar a conta de um restaurante no Chile pode ser confuso. Lá é dita a palavra 'cancelar' em vez de 'pagar'.",
        "infoText8": "A gorjeta em restaurantes é de 10% do valor da conta. Também se dá gorjeta nos caixas dos supermercados (empacotadores).",
        "infoText9": "Viajantes que pretendam visitar a Ilha e Páscoa devem ter em mente que pode haver surtos de dengue e da febre do Zika (transmitidas pela picada de mosquitos). Essas doenças provocam febre, dores de cabeça, irritações pelo corpo e dores nas juntas, e não há tratamento. Aconselha-se o uso contínuo de repelentes de insetos (recomendados por autoridades médicas) durante viagens à ilha.",
        "infoText10": "NULL",
        "infoTitle1": "Contatos importantes",
        "infoTitle2": "Saúde",
        "infoTitle3": "Segurança pública",
        "infoTitle4": "Semáforos",
        "infoTitle5": "Vulcões",
        "infoTitle6": "Tipo de tomadas",
        "infoTitle7": "Pedir a conta",
        "infoTitle8": "Gorjetas",
        "infoTitle9": "Ilha de Páscoa",
        "infoTitle10": "NULL",
        "warningTitle1": "Proibições",
        "warningSubtitle1": "Uso de bebidas e roupas",
        "warningText1": "No Chile, é proibido andar sem camisa pelas ruas e parques. Também é proibido consumir bebidas alcoólicas nas ruas, parques e praias.",
        "warningTitle2": "Desastres Naturais",
        "warningSubtitle2": "Terremotos no Chile",
        "warningText2": "O Chile é caracterizado por constantes ocorrências de tremores e terremotos em seu território. Embora o país tenha estruturas que reduzem os danos causados pelos eventos sísmicos, é necessário que os turistas tomem as precauções indicadas para estarem preparados para lidar com a eventual ocorrência desses fenômenos.",
        "warningTitle3": "Táxi",
        "warningSubtitle3": "Atenção com seu dinheiro",
        "warningText3": "Tenha cuidado com a adulteração do medidor. Motoristas de táxi estão adulterando o valor final de serviço e tornando-o mais caro. Sempre verifique o valor que você está passando."
    },
    {
        "name": "Colômbia 🇨🇴",
        "infoText1": "O telefone central para emergências (polícia, bombeiros e hospitais) na Colômbia é 123. O atendimento será unicamente em espanhol.",
        "infoText2": "Não há assistência médica de emergência gratuita na Colômbia para estrangeiros. Recomenda-se um plano de saúde privado ou seguro internacional de viagem.",
        "infoText3": "A segurança pública na Colômbia melhorou muito nas últimas décadas. Não se percebe, na capital e nas principais cidades do país, a existência do conflito armado com as FARC e o ELN, e do narcotráfico de grande escala (“bandas criminales” ou “Bacrim”). No entanto, isso não garante que a violência política tenha sido eliminada.",
        "infoText4": "Com os recentes êxitos do governo contra as FARC, a maior parte do país é segura para viajar, inclusive por estrada. É importante, no entanto, informar-se sobre as regiões do país onde há forte presença de guerrilhas e “Bacrim”, como os departamentos de Norte de Santander e Nariño, a região de Urabá (departamento de Antioquia) e diversas áreas dos departamentos do Cauca e Valle del Cauca.",
        "infoText5": "Expedições em áreas rurais ou locais fora do perímetro das grandes cidades devem ser avaliadas com cuidado, em razão da presença de grupos armados ilegais em algumas áreas do país.",
        "infoText6": "Na Colômbia, existem muitos crimes relacionados a taxistas. Há relatos de taxistas falsos roubando turistas e até sequestros relâmpagos. E como não é fácil descobrir se um táxi é clandestino ou não na rua, é melhor buscá-lo em um ponto oficial ou em alguma empresa conhecida.",
        "infoText7": "Na Colômbia a tensão é de 110V e as tomadas são do tipo A (dois pinos achatados paralelos), B (dois pinos achatados paralelos e um pino abaixo arredondado) e C (dois pinos redondos paralelos).",
        "infoText8": "As ciclovias de Bogotá são consideradas as mais extensas da América Latina, com cerca de 120 km. Além das vias permanentes, diversas avenidas são destinadas aos ciclistas aos domingos e feriados.",
        "infoText9": "NULL",
        "infoText10": "NULL",
        "infoTitle1": "Contato importante",
        "infoTitle2": "Saúde",
        "infoTitle3": "Violência e narcotráfico",
        "infoTitle4": "Áreas restritas",
        "infoTitle5": "Expedições de aventura",
        "infoTitle6": "Crimes por taxistas",
        "infoTitle7": "Tipo de tomadas",
        "infoTitle8": "Ciclismo",
        "infoTitle9": "NULL",
        "infoTitle10": "NULL",
        "warningTitle1": "Febre Amarela",
        "warningSubtitle1": "Exigência de vacina",
        "warningText1": "Requisito do Certificado Internacional de Vacinação contra a Febre Amarela na Colômbia. A vacina é obrigatória para a entrada no país.",
        "warningTitle2": "Altitude",
        "warningSubtitle2": "Problemas de saúde",
        "warningText2": "A altitude em alguns lugares produz muitos problemas digestivos e respiratórios. Evite comer em grandes quantidades. Em caso de sintomas procure um médico.",
        "warningTitle3": "Tráfico em aeroportos",
        "warningSubtitle3": "Cuidado com suas malas",
        "warningText3": "Cuidado com suas malas no aeroporto! Há pessoas que agem de má fé e escondem drogas nas bagagem de outras pessoas como método de tráfico internacional."
    },
    {
        "name": "Peru 🇵🇪",
        "infoText1": "Serviços de utilidade pública do Peru são: • Primeiros Socorros (bombeiros): 116 • Polícia de Turismo: 0800-22221 • Delegacias de Polícia: - Miraflores (Calle General Vidal 230): 445-3537/445-7943/ 446-3018 - Barranco (Prolongación San Martín 250) 247-7536 / 247-1383",
        "infoText2": "Os hospitais públicos peruanos não oferecem serviços gratuitos a turistas estrangeiros. É aconselhável contratar seguro de saúde, que cobre quaisquer despesas médicas durante a estadia no país. A rede de saúde peruana é boa, mas a disponibilidade de hospitais, equipamentos, farmácias e médicos pode ser mais restrita em áreas remotas do país.",
        "infoText3": "O risco de saúde apresentado pela malária ou impaludismo pode ser alto em regiões florestais do país.",
        "infoText4": "Algumas zonas urbanas peruanas enfrentam problemas de segurança pública, com destaque para determinadas áreas da capital e cidades como Trujillo, Ica e Chiclayo. Parte expressiva dos problemas de delinquência concentra-se na atuação de grupos especializados no tráfico de drogas e na prática de extorsão. Há, também, registros de assaltos, furtos e fraudes, que têm turistas como vítimas.",
        "infoText5": "Facção remanescente do Sendero Luminoso, vinculada ao narcotráfico, permanece ativa no Peru e tem registrado casos esporádicos de violência nas regiões de Ayacucho, Cusco, Huancavelica, Huánuco e Junín. As ações do grupo podem incluir sequestros, agressões, assalto e assassinatos. Ônibus intermunicipais transportando turistas podem ser especialmente visados pelo grupo.",
        "infoText6": "O Peru apresenta algumas áreas de risco, onde a presença do Estado é limitada e na qual há incidência de problemas ligados ao narcotráfico. Área de particular risco é o vale dos rios Apurimac, Ene e Mantaro (VRAEM), onde atuam grupos criminosos. Note-se que o VRAEM localiza-se em área relativamente próxima à área turística de Cusco. Há incidência de delitos também em áreas de potencial trânsito de viajantes, como alguns trechos das zonas de fronteira com Bolívia, Brasil e Colômbia.",
        "infoText7": "O padrão de higiene no Peru é um pouco diferente. Cuidados devem ser tomados com a culinária local, pois podem causar indisposição intestinal e diarréia. Qualquer sintomas procure um médico.",
        "infoText8": "O Peru está localizado em área passível de terremotos, conhecida como 'Cinturão de Fogo do Pacífico'. São comuns pequenos tremores de terra ao longo do ano, normalmente sem danos significativos.",
        "infoText9": "A corrente elétrica do Peru é 220V, 60Hz. Suas tomadas são do tipo A (dois pinos achatados paralelos) e B (dois pinos achatados paralelos e um pino abaixo arredondado). ",
        "infoText10": "Os táxis são relativamente baratos e funcionam sem taxímetro. O preço da corrida deve ser combinado com o motorista, antes mesmo de entrar no veículo. Recomenda-se o uso de serviços de rádio-táxi, por motivos de segurança.",
        "infoTitle1": "Contatos importantes",
        "infoTitle2": "Saúde",
        "infoTitle3": "Malária",
        "infoTitle4": "Segurança Pública",
        "infoTitle5": "Crime organizado",
        "infoTitle6": "Áreas restritas",
        "infoTitle7": "Higiene na culinária",
        "infoTitle8": "Terremotos",
        "infoTitle9": "Tipos de tomada",
        "infoTitle10": "Táxis",
        "warningTitle1": "Vacinas",
        "warningSubtitle1": "Requerimento de vacina",
        "warningText1": "Não há exigência de vacinação para os turistas que desejam entrar no país. A vacina contra febre amarela é recomendada se o turista desejar se afastar dos centros urbanos.",
        "warningTitle2": "Altitude",
        "warningSubtitle2": "Problemas de saúde",
        "warningText2": "O aumento no fluxo de visitantes a Cuzco e a Machu Picchu, duas das principais atrações do Peru, trouxe à discussão os riscos relacionados ao turismo andino. A altitude em Cuzco, por exemplo, chega a 3.400 metros; no Lago Tititaca, a 4.000. Sem se submeterem a um período mínimo de aclimatação, muitos turistas experimentam o chamado 'mal de altitude', conhecido como 'soroche'. Os sintomas incluem enjoo, dor de cabeça, dor no estômago, vômitos, náuseas, falta de ar, aumento da frequência cardíaca e dificuldades para dormir. A maioria dos sintomas melhora com descanso ou inalação de oxigênio. Há, ainda, casos de pessoas que não apresentam as condições adequadas para suportar o esforço físico do turismo andino e apresentam problemas sérios de saúde, como acidentes vasculares e ataques cardíacos.",
        "warningTitle3": "Coca",
        "warningSubtitle3": "Substância legalizada",
        "warningText3": "No Peru, a folha de coca é legalizada principalmente por causa da altitude. Tenha cuidado, porque esta substância está legalizada em pouquíssimos países."
    },
    {
        "name": "Uruguai 🇺🇾",
        "infoText1": "Serviços de utilidade pública do Uruguai são: • Bombeiros: 104 • Emergência móvel: 47725151 • Polícia Rodoviária: 108 • Emergência Policial: 911 • Polícia: 109",
        "infoText2": "Viajantes devem tomar cuidado com furtos e roubos de documentos (passaportes, por exemplo) e objetos de valor em zonas de maior concentração turística, especialmente nas cidades de Montevidéu e de Punta Del Este, e em épocas de férias. Criminosos geralmente têm como vítimas mulheres, turistas e indivíduos que deem sinais de estarem carregando itens de valor.",
        "infoText3": "O Uruguai dispõe de rede médica de boa qualidade. Porém, cidadãos estrangeiros deverão ser atendidos apenas pelo sistema de saúde privado uruguaio, o que pode custar ao turista valores expressivos. Recomenda-se seguro de saúde internacional.",
        "infoText4": "Os uruguaios são pessoas pontuais com antigas tradições, como o cochilo após refeições. Muitos estabelecimentos fecham por algumas horas de tarde, após o horário de almoço.",
        "infoText5": "No Uruguai as tomadas podem ser do tipo C (dois pinos redondos paralelos), F (dois pinos redondos paralelos com trava de segurança) ou L (três pinos redondos alinhados). A voltagem é 220V, tenha cuidado.",
        "infoText6": "É obrigatório o uso de faróis acesos em veículos, não importa se de dia ou de noite, no tráfego de veículos nas cidades e nas estradas.",
        "infoText7": "O Uruguai tem uma lei que proíbe o sal nas mesas dos restaurantes. Para contornar a lei, alguns estabelecimentos deixam o sal pendurado para o uso dos clientes. Essa determinação do governo visa preservar a saúde dos uruguaios.",
        "infoText8": "Muitas casas são identificadas pelo nome, não pelo número. O hábito começou no século 16 e foi uma maneira do proprietário indicar sua profissão, família, origem ou status. Exemplos: a 'casa do médico' ou 'a de Martinez'",
        "infoText9": "NULL",
        "infoText10": "NULL",
        "infoTitle1": "Contatos importantes",
        "infoTitle2": "Segurança pública",
        "infoTitle3": "Saúde",
        "infoTitle4": "Horários de funcionamento",
        "infoTitle5": "Tipo de tomada",
        "infoTitle6": "Multa de trânsito",
        "infoTitle7": "Restaurantes",
        "infoTitle8": "Casas",
        "infoTitle9": "NULL",
        "infoTitle10": "NULL",
        "warningTitle1": "Vacinas",
        "warningSubtitle1": "Tétano e tríplice viral",
        "warningText1": "É aconselhável ter vacinas contra o tétano e a tríplice viral atualizadas, ter seguro que cubram todos os cuidados médicos, já que os custos da medicina privada são altos. Em caso de estadias mais longas no país, recomenda-se a associação de serviços mútuos, medicina privada ou inscrição de emergência médica.",
        "warningTitle2": "Cannabis",
        "warningSubtitle2": "Substância legalizada",
        "warningText2": "O Uruguai é um país liberal. A cannabis é liberada e controlada pelo governo para o comércio de farmácias. Tal prática permanece ilegal para turistas e outros cidadãos estrangeiros visitantes no país. A substância é ilegal na maior parte dos países.",
        "warningTitle3": "Golpe",
        "warningSubtitle3": "Bebidas em boates à noite",
        "warningText3": "Recomenda-se que o turista preste atenção ao pedir bebidas em bares ou boates e outros locais públicos. Durante a estadia no Uruguai, a aceitação de bebidas, alimentos ou objetos oferecidos por estranhos, especialmente em boates, deve ser evitada."
    }
]
