[
    {
        "name": "Teste",
        "documentsAdults": "Teste",
        "documentsMinors": "Teste",
        "procedure": "Teste",
        "location1": "Teste",
        "location2": "Teste",
        "cost": "Teste",
        "vality": "Teste",
        "others": "NULL",
        "visa": "NULL",
        "vaccines": "NULL"
    }
]
 
 
 
[
    {
        "name": "Teste",
        "infoText1": "Teste",
        "infoText2": "Teste",
        "infoText3": "Teste",
        "infoText4": "Teste",
        "infoText5": "Teste",
        "infoText6": "NULL",
        "infoText7": "NULL",
        "infoText8": "NULL",
        "infoText9": "NULL",
        "infoText10": "NULL",
        "infoTitle1": "Teste",
        "infoTitle2": "Teste",
        "infoTitle3": "Teste",
        "infoTitle4": "Teste",
        "infoTitle5": "Teste",
        "infoTitle6": "NULL",
        "infoTitle7": "NULL",
        "infoTitle8": "NULL",
        "infoTitle9": "NULL",
        "infoTitle10": "NULL",
        "warningTitle1": "NULL",
        "warningSubtitle1": "NULL",
        "warningText1": "NULL",
        "warningTitle2": "NULL",
        "warningSubtitle2": "NULL",
        "warningText2": "NULL",
        "warningTitle3": "NULL",
        "warningSubtitle3": "NULL",
        "warningText3": "NULL"
        
    }
]
 
